Object ID,State GNIS Code,fips,State FIPS Postal Code,state,Area of Land (Square Meters),Area of Water (Square Meters),Total Commuters (Workers 16 Years and Over Who Did Not Work at Home),Total Commuters (Workers 16 Years and Over Who Did Not Work at Home) - Margin of Error,Workers whose commute was less than 5 minutes,Workers whose commute was less than 5 minutes - Margin of Error,Workers whose commute was 5 to 9 minutes,Workers whose commute was 5 to 9 minutes - Margin of Error,Workers whose commute was 10 to 14 minutes,Workers whose commute was 10 to 14 minutes - Margin of Error,Workers whose commute was 15 to 19 minutes,Workers whose commute was 15 to 19 minutes - Margin of Error,Workers whose commute was 20 to 24 minutes,Workers whose commute was 20 to 24 minutes - Margin of Error,Workers whose commute was 25 to 29 minutes,Workers whose commute was 25 to 29 minutes - Margin of Error,Workers whose commute was 30 to 34 minutes,Workers whose commute was 30 to 34 minutes - Margin of Error,Workers whose commute was 35 to 39 minutes,Workers whose commute was 35 to 39 minutes - Margin of Error,Workers whose commute was 40 to 44 minutes,Workers whose commute was 40 to 44 minutes - Margin of Error,Workers whose commute was 45 to 59 minutes,Workers whose commute was 45 to 59 minutes - Margin of Error,Workers whose commute was 60 to 89 minutes,Workers whose commute was 60 to 89 minutes - Margin of Error,Workers whose commute was 90 minutes or more,Workers whose commute was 90 minutes or more - Margin of Error,Percent of workers whose commute was less than 5 minutes,Percent of workers whose commute was less than 5 minutes - Margin of Error,Percent of workers whose commute was 5 to 9 minutes,Percent of workers whose commute was 5 to 9 minutes - Margin of Error,Percent of workers whose commute was 10 to 14 minutes,Percent of workers whose commute was 10 to 14 minutes - Margin of Error,Percent of workers whose commute was 15 to 19 minutes,Percent of workers whose commute was 15 to 19 minutes - Margin of Error,Percent of workers whose commute was 20 to 24 minutes,Percent of workers whose commute was 20 to 24 minutes - Margin of Error,Percent of workers whose commute was 25 to 29 minutes,Percent of workers whose commute was 25 to 29 minutes - Margin of Error,Percent of workers whose commute was 30 to 34 minutes,Percent of workers whose commute was 30 to 34 minutes - Margin of Error,Percent of workers whose commute was 35 to 39 minutes,Percent of workers whose commute was 35 to 39 minutes - Margin of Error,Percent of workers whose commute was 40 to 44 minutes,Percent of workers whose commute was 40 to 44 minutes - Margin of Error,Percent of workers whose commute was 45 to 59 minutes,Percent of workers whose commute was 45 to 59 minutes - Margin of Error,Percent of workers whose commute was 60 to 89 minutes,Percent of workers whose commute was 60 to 89 minutes - Margin of Error,Percent of workers whose commute was 90 minutes or more,Percent of workers whose commute was 90 minutes or more - Margin of Error,x,y
1,01779775,01,AL,Alabama,131174048583,4593327154,1984564,8233,51349,1669,187045,3455,279860,4244,334026,3769,313420,4237,133836,3261,293268,3717,57260,1670,59753,1739,151641,3385,86216,2248,36890,1456,2.6,0.0834112513099847,9.4,0.169646131871836,14.1,0.205692933418759,16.8,0.176614074528312,15.8,0.203196484031379,6.7,0.161918998264737,14.8,0.176978463115567,2.9,0.0832938262652684,3,0.0867314834844424,7.6,0.167595005207061,4.3,0.111831320573778,1.9,0.0729598428373484,-86.8274553990687,32.8145858024608
2,01785533,02,AK,Alaska,1478839695958,245481577452,341896,1863,27388,1039,62757,1738,67020,1712,64605,1815,48686,1784,13727,891,23169,1038,3261,394,4367,383,10663,649,9695,692,6558,517,8,0.30074237929637,18.4,0.498404750550784,19.6,0.48921194101174,18.9,0.520781976419227,14.2,0.515994497661379,4,0.25968563503604,6.8,0.301347136139711,1,0.115122464681318,1.3,0.11180594758521,3.1,0.189061550461478,2.8,0.201810070342023,1.9,0.150853926735332,-152.764723385957,65.2098453987811
3,01779777,04,AZ,Arizona,294198551143,1027337603,2825979,8898,72835,1473,273815,4031,372716,4484,436062,4814,435323,4824,206037,3570,414607,6036,88164,2442,118113,2421,221507,3431,133720,2832,53080,1845,2.6,0.0514879330372466,9.7,0.139340151147123,13.2,0.153140053043118,15.4,0.163272619274729,15.4,0.163666203042764,7.3,0.124224604867617,14.7,0.208534453358658,3.1,0.0858523940428551,4.2,0.0846526309821256,7.8,0.118874359004163,4.7,0.0990993608667901,1.9,0.0650186941237736,-111.666425768911,34.3358729622346
4,00068085,05,AR,Arkansas,134768872727,2962859592,1231293,6584,55440,1768,169607,2844,215732,3508,216440,3535,175100,2933,68064,1881,138980,2733,26865,1198,32094,1398,70461,1668,42158,1334,20352,1110,4.5,0.141555999420632,13.8,0.218917714812893,17.5,0.269059111584453,17.6,0.271273646120491,14.2,0.225741420207514,5.5,0.149879319173872,11.3,0.213598242607118,2.2,0.096594070507335,2.6,0.112680462365792,5.7,0.131966159333009,3.4,0.106783263534553,1.7,0.0897148216919658,-92.4374160236616,34.9172622202176
5,01779778,06,CA,California,403503931312,20463871877,16883403,25283,304818,4537,1287249,7823,2091265,10320,2490499,12194,2394143,11527,1009007,7641,2543384,11577,458056,5733,734197,6623,1507217,9613,1393436,8427,670132,6583,1.8,0.0267361921555048,7.6,0.0449067266867398,12.4,0.0582427599281421,14.8,0.068763738798498,14.2,0.0648877571202136,6,0.0443637576144116,15.1,0.0647531914258331,2.7,0.0337124945663892,4.3,0.0386835700526592,8.9,0.0553459037480996,8.3,0.048358519079835,4,0.0385352436335069,-119.270413662387,36.4025453954579
6,01779779,08,CO,Colorado,268422891711,1181621593,2603858,7101,72557,2202,253648,3516,353163,4832,404695,4918,395031,4857,176495,2659,369921,4233,83519,1904,99547,2288,209482,3138,133529,2539,52271,1757,2.8,0.0842247040345409,9.7,0.132391426302268,13.6,0.181847223100317,15.5,0.184056346933104,15.2,0.181884749635828,6.8,0.100430740092455,14.2,0.157882336349054,3.2,0.0725971901926456,3.8,0.087248897304974,8,0.118499566857394,5.1,0.0965010743179499,2,0.0672543524851116,-105.547883098204,39.0268717810054
7,01779780,09,CT,Connecticut,12542497068,1815617571,1690087,6129,43216,1717,158428,3042,250417,3700,267033,3583,261338,3201,112588,2519,213172,2966,49224,1509,63227,1758,117378,2152,97699,2087,56367,1884,2.6,0.101168322740323,9.4,0.176751424732274,14.8,0.212227242029378,15.8,0.204111183811616,15.5,0.180906964518885,6.7,0.147074706848432,12.6,0.169428205684479,2.9,0.0886584217412369,3.7,0.103129793909117,6.9,0.124814988617053,5.8,0.121692332701412,3.3,0.110815477240856,-72.7249540238571,41.6222299198289
8,01779781,10,DE,Delaware,5045925646,1399985648,423275,3003,9094,708,35938,1336,62199,1774,69660,2003,70184,1985,29287,1354,57695,1639,11312,761,15008,1063,29173,1397,22943,1083,10782,743,2.1,0.166571167666774,8.5,0.309832765348901,14.7,0.405939235105934,16.5,0.458584119217472,16.6,0.453967910759015,6.9,0.316097607011807,13.6,0.374948665242941,2.7,0.178785972354094,3.5,0.249873923150672,6.9,0.326403128978277,5.4,0.252955607751362,2.5,0.174603221504499,-75.5007168547689,38.9947623323715
9,01702382,11,DC,District of Columbia,158340391,18687198,343763,2572,4040,537,14137,976,25533,1245,39756,1421,52016,1793,26971,1155,69168,2125,18121,991,22763,1161,41146,1578,23228,1101,6884,586,1.2,0.155964607579466,4.1,0.282244366987131,7.4,0.35787920054776,11.6,0.404208550915625,15.1,0.509145550727365,7.8,0.330819567991627,20.1,0.599547278263419,5.3,0.285569367044371,6.6,0.334079117643724,12,0.450217048789773,6.8,0.316263647670726,2,0.169806560256837,-77.0163132512105,38.904818087122
10,00294478,12,FL,Florida,138949136250,31361101223,8605874,18959,150310,3401,615600,7271,1010012,7556,1286170,9574,1369532,9167,583736,6806,1446327,10975,289694,4826,367507,4998,787369,8036,503680,5872,195937,3899,1.7,0.0393317524384087,7.2,0.083006127069435,11.7,0.0839072286277893,14.9,0.106265829702565,15.9,0.100585508573511,6.8,0.0776609399375571,16.8,0.122036302667284,3.4,0.055585462118275,4.3,0.0573095530214687,9.1,0.09117676660167,5.9,0.0670031330698496,2.3,0.0450277594049518,-81.9322487419347,28.6538478054924
11,01705317,13,GA,Georgia,149482048342,4422936154,4412876,11873,92060,2881,339011,5306,558010,5741,666047,6394,632434,6870,268468,4269,632503,6390,142381,2820,173482,3472,433254,5585,341463,5779,133763,2802,2.1,0.0650444922516133,7.7,0.118449137959643,12.6,0.125569198688392,15.1,0.139087139229809,14.3,0.150829924324239,6.1,0.0953447836768972,14.3,0.139573979041146,3.2,0.0633115258385673,3.9,0.0779646303673897,9.8,0.123774069880316,7.7,0.129292232550849,3,0.0629700708750691,-83.4512728588705,32.6731573337381
12,01779782,15,HI,Hawaii,16633990195,11777809026,666876,3613,15096,986,61007,1796,85423,1950,94244,2138,91635,1970,34648,1349,110896,2359,16227,929,28674,1206,61446,1693,49515,1417,18065,885,2.3,0.147344047812261,9.1,0.264715534146946,12.8,0.284053407380042,14.1,0.311322501090079,13.7,0.285872852662295,5.2,0.200318447012099,16.6,0.342073648839316,2.4,0.138681075012724,4.3,0.179336563739465,9.2,0.248913943966479,7.4,0.208640733759143,2.7,0.131894305342969,-155.521205886131,19.6020249913044
13,01779783,16,ID,Idaho,214049787659,2391722557,711402,3389,38772,1612,109304,2550,127639,3019,125622,2572,99510,2340,39941,1902,73855,2615,14214,1076,15853,1004,33692,1690,20637,1180,12363,816,5.5,0.225102454887022,15.4,0.350894470362749,17.9,0.415676781257759,17.7,0.351616919247444,14,0.322107520147726,5.6,0.266018206868445,10.4,0.36424179120702,2,0.150950837850558,2.2,0.140729941542592,4.7,0.236485288303377,2.9,0.165292969290036,1.7,0.114403927087288,-114.683878125244,44.467482733905
14,01779784,17,IL,Illinois,143780567633,6214824948,5833415,13233,158258,2438,532398,5096,701588,5572,750699,5375,736057,5715,354523,4509,808989,6199,197786,3046,291404,3369,614842,5803,514131,4980,172740,3030,2.7,0.0413380947280626,9.1,0.0848699635925971,12,0.091539302770212,12.9,0.0873947276867908,12.6,0.0936953707768116,6.1,0.0760566291189925,13.9,0.101503584167734,3.4,0.0516468323404883,5,0.056630813249169,10.5,0.0965624895365945,8.8,0.0829960315719079,3,0.0515059269796639,-89.1992243931464,40.1053645021465
15,00448508,18,IN,Indiana,92789302676,1538002829,2990469,7595,102192,2274,352424,4867,459694,4401,494060,4265,443667,4759,207656,3028,361344,4182,94515,2321,105723,2458,195976,2974,118627,2216,54591,1883,3.4,0.0755446803513487,11.8,0.159974536320359,15.4,0.141894711100567,16.5,0.136307779494433,14.8,0.154613850557574,6.9,0.099707371380506,12.1,0.136435569333611,3.2,0.0771970459408293,3.5,0.0817025772062587,6.6,0.0980466445159604,4,0.0734140295665868,1.8,0.0627957933379573,-86.2727907508566,39.9332337014215
16,01779785,19,IA,Iowa,144661267977,1084180812,1507999,4944,100718,1992,262846,3532,275199,3380,260815,3109,210243,3014,89947,1727,133787,2433,30880,1017,31699,1023,59863,1585,32105,1085,19897,796,6.7,0.130268053583975,17.4,0.227139538190323,18.2,0.2160050475347,17.3,0.198216195619177,13.9,0.194570666459779,6,0.112840701076311,8.9,0.158696112846103,2,0.067105368762132,2.1,0.0674872760059363,4,0.104297287293434,2.1,0.0716102865911392,1.3,0.0526076324309739,-93.5022097471626,42.0905515649658
17,00481813,20,KS,Kansas,211755344060,1344141205,1359610,4673,82823,2013,223282,3154,245307,3079,239390,3268,199466,3625,80803,1808,133616,2565,28763,1273,29635,1155,52001,1629,28560,1096,15964,792,6.1,0.146569295703708,16.4,0.22500657043542,18,0.217806167564174,17.6,0.232620203034368,14.7,0.261809027492255,5.9,0.131401118271985,9.8,0.185608647488978,2.1,0.0933470329972139,2.2,0.0846198579763207,3.8,0.119090444684545,2.1,0.0802873869079564,1.2,0.0581120403855631,-98.380978436543,38.500201327931
18,01779786,21,KY,Kentucky,102279490672,2375337755,1859975,6728,68517,1995,212720,4134,285494,3993,318450,3890,286398,3188,125738,2458,230482,3178,52706,1670,57419,1554,116693,2309,69620,1863,35738,1230,3.7,0.106428584866148,11.4,0.218377061678602,15.3,0.207376201498999,17.1,0.199762583156686,15.4,0.162097855076693,6.8,0.129870196216003,12.4,0.164878208967987,2.8,0.0891991419558976,3.1,0.0827999032808251,6.3,0.122049456139925,3.7,0.099243302244749,1.9,0.0657636688203364,-85.2821599133082,37.5343728740713
19,01629543,22,LA,Louisiana,111897594374,23753621895,1947309,7133,59947,2127,205336,3348,288688,4042,332899,4508,294958,4249,110821,3065,269572,3840,46425,1859,52076,1931,130187,3002,97327,2251,59073,2114,3.1,0.108644025258924,10.5,0.167534751199348,14.8,0.200339123183635,17.1,0.222868722864955,15.1,0.211026551033752,5.7,0.156010128299772,13.8,0.190564002053851,2.4,0.0950648119227597,2.7,0.0986774579127578,6.7,0.152203966727933,5,0.114136435484416,3,0.10798987228139,-92.7826889226491,31.3393935291076
20,01779787,23,ME,Maine,79887426037,11746549764,614274,2946,28813,1118,77791,1887,93367,2392,93495,1819,83180,1904,40953,1362,70234,1755,20003,962,21702,1031,45652,1255,25669,1031,13415,693,4.7,0.180607897974815,12.7,0.301128123079642,15.2,0.382518938860127,15.2,0.286984029317885,13.5,0.303079745553588,6.7,0.219407662324099,11.4,0.280391555453501,3.3,0.15582700259356,3.5,0.166982976011004,7.4,0.20117316835264,4.2,0.166639626654476,2.2,0.112328872598555,-69.2227764588879,45.4025915694396
21,01714934,24,MD,Maryland,25151100280,6979966958,2879542,6712,44766,1494,165800,3106,271383,3183,351856,4266,368368,4477,177427,3283,429585,4476,112312,2278,157249,2757,350865,3867,320995,4166,128936,2913,1.6,0.0517565498211737,5.8,0.107026147942441,9.4,0.108333529699342,12.2,0.145384913080889,12.8,0.152589888502834,6.2,0.113102936297735,14.9,0.151501801446246,3.9,0.0785856676763755,5.5,0.0948944795311332,12.2,0.13125445721156,11.1,0.142323303602119,4.5,0.100622072388164,-76.7715506628638,39.0398449722806
22,00606926,25,MA,Massachusetts,20205125364,7129925486,3324189,9680,77666,2058,274638,3550,392207,4978,436653,4825,423802,4401,193128,2849,470159,5134,112395,2760,162745,2729,354991,4538,314912,4076,110893,2263,2.3,0.0615348665879143,8.3,0.104047761068529,11.8,0.145756235089074,13.1,0.140017401811561,12.7,0.127081427467104,5.8,0.0840187346389547,14.1,0.148850839899015,3.4,0.0824419241730327,4.9,0.0808478648155143,10.7,0.132925441274257,9.5,0.119472893015912,3.3,0.0673801041517845,-71.7182362783715,42.3595787789504
23,01779789,26,MI,Michigan,146600952990,103885855702,4329997,8801,133178,2333,463123,3739,630779,4619,696900,5182,659652,4910,308878,3292,535625,4480,138413,2608,170975,2981,320022,3660,192296,2845,80156,1858,3.1,0.0535160377911795,10.7,0.0835697227229761,14.6,0.102482688107335,16.1,0.115118859255405,15.2,0.109085248807647,7.1,0.0746323969499665,12.4,0.100362762338573,3.2,0.0598795201051001,3.9,0.068375897558693,7.4,0.0831810033450623,4.4,0.0650814258761529,1.9,0.042744674905007,-84.6218792735369,43.5099917497743
24,00662849,27,MN,Minnesota,206228939448,18945217189,2716866,6105,100087,1907,330114,3256,396501,3436,424117,3642,402565,3499,199727,2815,341844,3546,87285,1799,103350,1753,182483,2602,104096,1875,44697,1243,3.7,0.0697013229836206,12.2,0.116692386453603,14.6,0.122143475438766,15.6,0.129380608141378,14.8,0.124409746164259,7.4,0.102286716881261,12.6,0.127418893035547,3.2,0.0658212876493689,3.8,0.0639541590350422,6.7,0.0945753840796038,3.8,0.0684741990611103,1.6,0.0456016438045296,-94.310728750067,46.3849060350948
25,01779790,28,MS,Mississippi,121533519481,3926919758,1187918,6626,38034,1552,133572,3087,186904,3790,198386,3436,174203,3082,72979,2336,163893,3263,30488,1488,33793,1555,74948,2421,49064,2068,31654,1522,3.2,0.129422414351401,11.2,0.252184413141288,15.7,0.306738087088483,16.7,0.273835354885998,14.7,0.246213986346766,6.1,0.193637920816232,13.8,0.263682034100096,2.6,0.124440454067025,2.8,0.12993603905325,6.3,0.200740596469329,4.1,0.172554992495833,2.7,0.127258304811263,-89.6639862469001,32.7777294970023
26,01779791,29,MO,Missouri,178050802184,2489425460,2717913,7902,95665,2488,314622,4085,389761,4482,440979,5208,416209,4889,186036,3099,364252,4086,85474,1907,95942,2339,186849,2794,94844,2003,47280,1614,3.5,0.0909670310564696,11.6,0.146482578152644,14.3,0.159548280319508,16.2,0.185720533394087,15.3,0.174283735798051,6.8,0.112271239092262,13.4,0.145198728056185,3.1,0.0695658415513385,3.5,0.0854445243039363,6.9,0.100837656354287,3.5,0.0729945560312009,1.7,0.0591680355000144,-92.487249009426,38.3980950254954
27,00767982,30,MT,Montana,376962738765,3869208832,467346,2997,35456,1238,88605,1973,96868,2352,91710,2206,58516,1864,17733,776,34307,1152,5282,420,6449,475,13906,777,10685,734,7829,571,7.6,0.260394042497337,19,0.40428504000341,20.7,0.485397117456298,19.6,0.454943254386641,12.5,0.390682140253874,3.8,0.164251410489776,7.3,0.24196144458863,1.1,0.0895764353140188,1.4,0.101251796854119,3,0.165159353100477,2.3,0.156371232392445,1.7,0.121706083123959,-109.651355383648,47.0727679385086
28,01779792,31,NE,Nebraska,198956658395,1371829134,937370,3541,61719,1585,161940,2455,173223,2454,165600,2535,138795,2314,57817,1385,84933,1620,16011,607,17033,783,32637,1021,17313,844,10349,595,6.6,0.167250757930426,17.3,0.253641660093023,18.5,0.252317365906902,17.7,0.262073780270039,14.8,0.240440564648399,6.2,0.145905082939098,9.1,0.169400630210238,1.7,0.0644333768021625,1.8,0.0832490662413474,3.5,0.108124739308703,1.8,0.0897684171347884,1.1,0.063338305274632,-99.8188235655442,41.5432784559851
29,01779793,32,NV,Nevada,284329506470,2047206072,1298412,5517,28014,1335,104028,2453,173322,3653,217044,4123,240426,3826,108287,2273,218430,3963,33613,1292,42016,1745,65367,1917,40854,1709,27011,1460,2.2,0.102408385578718,8,0.185830578893848,13.3,0.275566999852244,16.7,0.309496149748527,18.5,0.283969395634795,8.3,0.171435809790088,16.8,0.296730699544607,2.6,0.0988963155604168,3.2,0.133689736186183,5,0.146084020422415,3.1,0.130941566406962,2.1,0.112097080203463,-116.666840532159,39.413802164941
30,01779794,33,NH,New Hampshire,23189413166,1026675248,661775,3331,23984,1201,70473,2178,89620,2234,91817,2065,87671,1904,44781,1454,81085,2291,22713,884,28373,1172,55194,1599,43203,1473,22861,995,3.6,0.180562464581283,10.6,0.324720629495997,13.5,0.330623349676721,13.9,0.304124467380226,13.2,0.279877027657534,6.8,0.217056037779973,12.3,0.340652442007394,3.4,0.132458352265167,4.3,0.175779715381399,8.3,0.237948065951814,6.5,0.22014427519261,3.5,0.149344393656621,-71.5761834052645,43.6962432015678
31,01779795,34,NJ,New Jersey,19047825980,3544860246,4114688,9339,83431,2397,315877,4679,474915,4625,513929,5088,539713,5821,255559,4017,548013,5164,129228,2475,195614,3430,406635,4779,436834,4885,214940,3456,2,0.0580726558131067,7.7,0.112371764978717,11.5,0.109306914111923,12.5,0.120361198929462,13.1,0.138300856893279,6.2,0.0966027612867061,13.3,0.121806774711656,3.1,0.0597265003036511,4.8,0.0826586167629605,9.9,0.113958442815773,10.6,0.116250037201699,5.2,0.0831507786811674,-74.7267741526774,39.6169036407543
32,00897535,35,NM,New Mexico,314196306401,728776523,837803,4186,31364,1501,109196,2640,143631,3430,153515,3272,127187,2541,46670,2109,98136,2710,16676,836,20934,1134,45105,1503,29757,1292,15632,1102,3.7,0.178179993659946,13,0.308307425831981,17.1,0.400343087042938,18.3,0.379662880367144,15.2,0.293655426494666,5.6,0.250186433840538,11.7,0.31812644411054,2,0.0992879700920317,2.5,0.13477703523551,5.4,0.177369655890273,3.6,0.153188383923758,1.9,0.131203723534196,-106.106409224733,34.4614491432654
33,01779796,36,NY,New York,122049149763,19246994695,8857402,17393,203000,3524,635275,5682,907298,6242,1027826,7308,1078590,6820,485334,5732,1240381,8225,267391,3812,459429,4519,968168,8318,1080690,7348,504020,5396,2.3,0.0395305731838574,7.2,0.062584597359445,10.2,0.0675405328603134,11.6,0.0792982656763715,12.2,0.0731905960149792,5.5,0.0638134774199665,14,0.0886950914037955,3,0.0426272319000217,5.2,0.0499924339617994,10.9,0.0914243408719036,12.2,0.0794238914861716,5.7,0.0598872680054947,-75.5013589390929,42.965330364791
34,01027616,37,NC,North Carolina,125923656064,13466071395,4407339,10812,122655,2945,425613,4063,642470,6113,756018,5955,690641,5315,314595,4382,584890,5596,140001,3011,149695,2874,313561,4040,181850,3292,85350,2600,2.8,0.0664706808301805,9.7,0.0890912229508397,14.6,0.134011169298708,17.2,0.128395505078419,15.7,0.11430312021491,7.1,0.0978709273599603,13.3,0.122725366371306,3.2,0.0678719811349431,3.4,0.0646748952512919,7.1,0.0899883922870072,4.1,0.0740045836278271,1.9,0.0588009136997007,-79.3637118571318,35.5466450622037
35,01779797,38,ND,North Dakota,178707534813,4403267548,380014,2139,32066,932,78502,2121,87469,2369,76029,2038,40164,1319,11587,680,20110,926,3269,307,4284,362,10140,577,9535,740,6859,483,8.4,0.240611141195411,20.7,0.545891046033606,23,0.609786667718061,20,0.524339211359851,10.6,0.341956213306355,3,0.178115824909767,5.3,0.241847816815106,0.9,0.0806412611630139,1.1,0.0950480726716163,2.7,0.151091849345471,2.5,0.194216836340675,1.8,0.126693891313546,-100.471113855255,47.4685693290347
36,01085497,39,OH,Ohio,105828882568,10268850702,5222449,10920,177666,3141,570975,5073,752233,5655,848856,5766,838746,6545,425253,4069,658730,4967,173013,3147,183893,3581,330062,3763,178560,2741,84462,1982,3.4,0.0597220531477864,10.9,0.0944099581152958,14.4,0.104009666781128,16.3,0.10504679138025,16.1,0.120741254082025,8.1,0.0760305089823363,12.6,0.0913785893231531,3.3,0.0598596050779919,3.5,0.0681729241008199,6.3,0.07083210016056,3.4,0.0519957613756585,1.6,0.0378005783902925,-82.7881144032045,40.3081697476852
37,01102857,40,OK,Oklahoma,177662925723,3374587997,1678096,4258,71718,1448,224762,3001,277126,3203,290306,2884,261338,3230,105851,2257,206105,2525,38478,1166,40532,1136,85020,1645,47950,1235,28910,1060,4.3,0.0856041314782837,13.4,0.175574617738081,16.5,0.186214593083687,17.3,0.166160973459032,15.6,0.188380049765534,6.3,0.133541939131105,12.3,0.147205421518355,2.3,0.0692394925889982,2.4,0.0674177717310093,5.1,0.097181148427337,2.9,0.0732372997785524,1.7,0.0630153866271891,-97.5154977833938,35.5990615809058
38,01155107,41,OR,Oregon,248606993270,6192386935,1765630,6635,65016,1979,212221,3572,271894,3165,291327,4334,257425,3738,111405,2259,214960,3628,45868,1537,62790,1975,120456,2491,78219,2158,34049,1300,3.7,0.111227182355523,12,0.197200764901162,15.4,0.169658519473647,16.5,0.23750457389545,14.6,0.204496794232702,6.3,0.125726724817862,12.2,0.200321005833489,2.6,0.0865019568927091,3.6,0.111056920256944,6.8,0.138733876409828,4.4,0.121083582489642,1.9,0.0732706119597176,-120.552210322461,43.9693307831448
39,01779798,42,PA,Pennsylvania,115884442321,3394589990,5751589,13075,182269,4047,569508,4578,765637,5759,836433,6469,809127,5728,383958,4150,745484,5334,188363,3299,243363,3404,500872,4737,358737,4139,167838,2738,3.2,0.0699933997449898,9.9,0.0763462467021722,13.3,0.0954465030343245,14.5,0.107504886312676,14.1,0.0943154377398922,6.7,0.0705400096178823,13,0.0879343708693944,3.3,0.0568728412517289,4.2,0.0583967690280712,8.7,0.0799452026222704,6.2,0.0705520550950272,2.9,0.0471397625216331,-77.7997846934395,40.8836410342814
40,01219835,44,RI,Rhode Island,2677779902,1323670487,495442,3019,11865,785,49590,1372,74250,2062,79825,1921,80936,2431,34823,1220,62146,1985,15062,905,19323,961,33338,1258,21456,1058,12828,870,2.4,0.15777092556618,10,0.27012431462726,15,0.406051493670376,16.1,0.375098777572996,16.3,0.480469324953501,7,0.24249147170795,12.5,0.393293830688911,3,0.18172338265131,3.9,0.19250676859896,6.7,0.250582144618604,4.3,0.211909885580111,2.6,0.174890552311007,-71.5875066739124,41.6961554477739
41,01779799,45,SC,South Carolina,77864918488,5075218778,2123114,8145,63809,1973,192924,4001,297460,4466,357244,4205,336888,4619,143652,3075,307194,4712,68401,1866,69791,2353,159029,2952,87757,2338,38965,1432,3,0.0922114940689547,9.1,0.185197236222609,14,0.203368436189327,16.8,0.187243344364326,15.9,0.208867856734373,6.8,0.142489439449532,14.5,0.214884580414936,3.2,0.0870163783897496,3.3,0.11010795816802,7.5,0.136039247745456,4.1,0.108973586671718,1.8,0.067079606747722,-80.8985136351716,33.916214884517
42,01785534,46,SD,South Dakota,196346981786,3382720225,411469,2560,34819,1213,84837,1979,82587,1837,75684,1908,52348,1271,18495,842,27369,832,4723,462,5962,513,12228,616,7564,569,4853,417,8.5,0.290058107480068,20.6,0.463537548994903,20.1,0.42862917828376,18.4,0.449361518720516,12.7,0.298579792619811,4.5,0.202712775770552,6.7,0.197922251739624,1.1,0.112053295357054,1.4,0.124348906216282,3,0.148561380150962,1.8,0.137811245713233,1.2,0.101078200961477,-100.232226625261,44.4553415401531
43,01325873,47,TN,Tennessee,106802728188,2350123465,2872574,9332,75269,2148,266005,3627,394715,5272,475953,4982,455360,5650,202946,2906,405831,4332,87923,2303,99371,2501,225390,3561,132727,2626,51084,1791,2.6,0.0742900504094604,9.3,0.122626958692578,13.7,0.178017300328676,16.6,0.164869087758691,15.9,0.189826368421992,7.1,0.0985256495533646,14.1,0.143651782359611,3.1,0.079552990444292,3.5,0.0863364358990877,7.8,0.12131655935311,4.6,0.0901755123237891,1.8,0.0620800284083354,-86.3397866034863,35.8470257836399
44,01779801,48,TX,Texas,676653171537,19006305260,12238768,19469,315515,4604,1144188,8714,1634930,9964,1918817,11239,1765031,12191,733364,7580,1826083,10558,356349,4988,463124,4629,1065917,9276,736953,8315,278497,4098,2.6,0.037393960625707,9.3,0.0696294776415874,13.4,0.0785911278924505,15.7,0.088379517352295,14.4,0.0969318459254901,6,0.0611964187888564,14.9,0.0829374520525406,2.9,0.0404916911962552,3.8,0.037340344297434,8.7,0.0745149024595267,6,0.0672612103511858,2.3,0.0332875223022699,-99.3717699000508,31.5724078615364
45,01455989,49,UT,Utah,212886221680,6998824394,1345178,4051,52356,1661,174342,2890,220832,3419,241443,3360,213526,3012,88198,2328,151140,2665,31998,1179,37292,1368,70554,1689,44076,1400,19421,950,3.9,0.122920511482745,13,0.211266340818235,16.4,0.249312572731875,17.9,0.24386243879741,15.9,0.218748659943274,6.6,0.171932516318801,11.2,0.195204199853956,2.4,0.087353159354759,2.8,0.101353309861191,5.2,0.124562127117567,3.3,0.103606620720652,1.4,0.0704886602941716,-111.682412156266,39.3642277011554
46,01779802,50,VT,Vermont,23874175944,1030416650,299349,1839,14405,708,39023,1005,46214,1517,47467,1260,42101,1171,19580,722,34911,1122,9518,495,9533,603,19823,725,11540,566,5234,343,4.8,0.234658423074036,13,0.326037068128692,15.4,0.497812385501156,15.9,0.409485946206097,14.1,0.381521150702643,6.5,0.237819243931917,11.7,0.367902131349185,3.2,0.164201093503032,3.2,0.200484827553131,6.6,0.238751125722694,3.9,0.187587915664946,1.7,0.114077395512989,-72.6609250559808,44.0853991096012
47,01779803,51,VA,Virginia,102257717110,8528531774,3944712,9217,89129,2434,306294,4101,470630,5680,589697,5813,566672,5523,265910,4041,567400,5707,134776,2996,169086,3160,373201,3800,288085,3787,123832,2385,2.3,0.0614765916782934,7.8,0.102366687781976,11.9,0.141266013978742,14.9,0.143162375012199,14.4,0.13592730273873,6.7,0.101222865254643,14.4,0.140716878626298,3.4,0.0755290597917839,4.3,0.079478694005207,9.5,0.0937608678780038,7.3,0.0944732437327084,3.1,0.0600141197223773,-78.8747539368959,37.5231892631893
48,01779804,53,WA,Washington,172112588220,12559278850,3278163,7586,88632,2335,296095,4169,413895,4460,490886,4590,462971,4283,215977,3460,447960,4612,107250,2264,142285,2766,286520,3768,225604,3590,100088,2269,2.7,0.0709535965144939,9,0.125445476894339,12.6,0.132877523730543,15,0.135661713594521,14.1,0.126498863891775,6.6,0.104439971860122,13.7,0.137088692771219,3.3,0.06864684022627,4.3,0.0837765717898504,8.7,0.113148910252241,6.9,0.108348379658445,3.1,0.0688540434129459,-120.43028570438,47.397180774417
49,01779805,54,WV,West Virginia,62266474513,489028543,703579,4206,27123,1180,80099,2077,103438,1908,114676,2114,98698,2125,43091,1337,79223,2243,19261,957,22296,1205,51318,1619,39510,1487,24846,1260,3.9,0.166123085640776,11.4,0.287252938555355,14.7,0.25654855289039,16.3,0.284226761100084,14,0.290151736608185,6.1,0.186468007235166,11.3,0.311611285766817,2.7,0.13503075203599,3.2,0.170216268478942,7.3,0.225940366170056,5.6,0.208664868978488,3.5,0.177835750923628,-80.6087400153847,38.6519367078775
50,01779806,55,WI,Wisconsin,140290039723,29344951758,2788904,6486,120098,2189,383636,4161,461798,4117,463334,3631,407033,3943,192614,2628,303349,3124,80514,1701,88178,1721,157614,2273,85864,1710,44872,1163,4.3,0.0778480689956424,13.8,0.145728276428908,16.6,0.142509419819473,16.6,0.12432935933818,14.6,0.137246917050165,6.9,0.0928515691049058,10.9,0.109121697327692,2.9,0.0606210348678864,3.2,0.0612691733139618,5.7,0.0804347949661387,3.1,0.0608949034094229,1.6,0.041532751770808,-90.0210439383857,44.6652937790237
51,01779807,56,WY,Wyoming,251458544898,1867670745,272324,2258,24299,1408,62734,1920,65102,1779,45005,1456,22733,999,7185,687,14496,822,2831,474,3966,473,8927,757,8819,766,6227,584,8.9,0.511710410731872,23,0.678675408984117,23.9,0.622467217941576,16.5,0.516799179116871,8.3,0.360253337854103,2.6,0.251322694920478,5.3,0.298602000844224,1,0.17384380883854,1.5,0.173269891487522,3.3,0.276645663504349,3.2,0.27999800480805,2.3,0.213610672141367,-107.55143503067,43.0321218585002
52,01779808,72,PR,Puerto Rico,8868896030,4922382562,979232,6062,18967,1155,64071,2069,114606,2740,147716,3510,140021,3093,51250,2158,163080,3049,23423,1129,46951,1877,84004,2373,89776,2326,35367,1538,1.9,0.117338512639837,6.5,0.207369222932557,11.7,0.270268251212944,15.1,0.346065973971285,14.3,0.303202463076823,5.2,0.217982105577074,16.7,0.293802840187057,2.4,0.114339577908357,4.8,0.189368775114644,8.6,0.236442187916292,9.2,0.23065303964229,3.6,0.155462294110539,-66.4785923809415,18.2250706456559
