Object ID,State GNIS Code,fips,State FIPS Postal Code,state,Area of Land (Square Meters),Area of Water (Square Meters),Total Civilian Noninstitutionalized Population,Total Civilian Noninstitutionalized Population - Margin of Error,Male Civilian Noninstitutionalized Population,Male Civilian Noninstitutionalized Population - Margin of Error,Male Population under 5 years,Male Population under 5 years - Margin of Error,Male Population under 5 years with a disability,Male Population under 5 years with a disability - Margin of Error,Male Population under 5 years with no disability,Male Population under 5 years with no disability - Margin of Error,Male Population 5 to 17 years,Male Population 5 to 17 years - Margin of Error,Male Population 5 to 17 years with a disability,Male Population 5 to 17 years with a disability - Margin of Error,Male Population 5 to 17 years with no disability,Male Population 5 to 17 years with no disability - Margin of Error,Male Population 18 to 34 years,Male Population 18 to 34 years - Margin of Error,Male Population 18 to 34 years with a disability,Male Population 18 to 34 years with a disability - Margin of Error,Male Population 18 to 34 years with no disability,Male Population 18 to 34 years with no disability - Margin of Error,Male Population 35 to 64 years,Male Population 35 to 64 years - Margin of Error,Male Population 35 to 64 years with a disability,Male Population 35 to 64 years with a disability - Margin of Error,Male Population 35 to 64 years with no disability,Male Population 35 to 64 years with no disability - Margin of Error,Male Population 65 to 74 years,Male Population 65 to 74 years - Margin of Error,Male Population 65 to 74 years with a disability,Male Population 65 to 74 years with a disability - Margin of Error,Male Population 65 to 74 years with no disability,Male Population 65 to 74 years with no disability - Margin of Error,Male Population 75 years and over,Male Population 75 years and over - Margin of Error,Male Population 75 years and over with a disability,Male Population 75 years and over with a disability - Margin of Error,Male Population 75 years and over with no disability,Male Population 75 years and over with no disability - Margin of Error,Female Civilian Noninstitutionalized Population,Female Civilian Noninstitutionalized Population - Margin of Error,Female Population under 5 years,Female Population under 5 years - Margin of Error,Female Population under 5 years with a disability,Female Population under 5 years with a disability - Margin of Error,Female Population under 5 years with no disability,Female Population under 5 years with no disability - Margin of Error,Female Population 5 to 17 years,Female Population 5 to 17 years - Margin of Error,Female Population 5 to 17 years with a disability,Female Population 5 to 17 years with a disability - Margin of Error,Female Population 5 to 17 years with no disability,Female Population 5 to 17 years with no disability - Margin of Error,Female Population 18 to 34 years,Female Population 18 to 34 years - Margin of Error,Female Population 18 to 34 years with a disability,Female Population 18 to 34 years with a disability - Margin of Error,Female Population 18 to 34 years with no disability,Female Population 18 to 34 years with no disability - Margin of Error,Female Population 35 to 64 years,Female Population 35 to 64 years - Margin of Error,Female Population 35 to 64 years with a disability,Female Population 35 to 64 years with a disability - Margin of Error,Female Population 35 to 64 years with no disability,Female Population 35 to 64 years with no disability - Margin of Error,Female Population 65 to 74 years,Female Population 65 to 74 years - Margin of Error,Female Population 65 to 74 years with a disability,Female Population 65 to 74 years with a disability - Margin of Error,Female Population 65 to 74 years with no disability,Female Population 65 to 74 years with no disability - Margin of Error,Female Population 75 years and over,Female Population 75 years and over - Margin of Error,Female Population 75 years and over with a disability,Female Population 75 years and over with a disability - Margin of Error,Female Population 75 years and over years with no disability,Female Population 75 years and over years with no disability - Margin of Error,Male Population with a disability,Male Population with a disability - Margin of Error,Percent of Male Population with a disability,Percent of Male Population with a disability - Margin of Error,Female Population with a disability,Female Population with a disability - Margin of Error,Percent of Female Population with a disability,Percent of Female Population with a disability - Margin of Error,Elderly (65+ years) Population with a disability,Elderly (65+ years) Population with a disability - Margin of Error,Percent of Elderly (65+ years) Population with a disability,Percent of Elderly (65+ years) Population with a disability - Margin of Error,Elderly (65+ years) Population,Elderly (65+ years) Population - Margin of Error,Population with a Disability,Population with a Disability - Margin of Error,Percent of Population with a Disability,Percent of Population with a Disability - Margin of Error,x,y
1,01779775,01,AL,Alabama,131174048583,4593327154,4785040,733,2299032,1480,149151,618,1001,270,148150,659,410301,939,31497,1286,378804,1511,523460,1215,44758,1564,478702,1941,882342,1248,159431,2910,722911,3192,211057,617,71674,1512,139383,1418,122721,502,63744,1141,58977,1088,2486008,1340,142974,606,788,242,142186,631,394646,757,18707,1119,375939,1437,548511,847,40210,1569,508301,1833,969769,877,172070,2520,797699,2551,246729,522,74731,1388,171998,1310,183379,616,102007,1523,81372,1498,372105,4029,16.2,0.174937658934535,408513,3791,16.4,0.152236023184132,312156,2799,40.9,0.361368314795501,763886,1133,780618,5532,16.3,0.11558330619346,-86.8274553990687,32.8145858024608
2,01785533,02,AK,Alaska,1478839695958,245481577452,714106,726,365014,774,27593,140,322,132,27271,186,67843,309,3996,522,63847,629,90583,628,6620,545,83963,843,140468,573,19864,857,120604,1087,27405,216,9241,502,18164,525,11122,176,6276,350,4846,316,349092,562,26627,142,233,97,26394,167,63622,310,2177,261,61445,348,86015,418,5465,539,80550,669,134262,348,17070,859,117192,864,25590,269,7290,497,18300,528,12976,225,7341,357,5635,304,46319,1302,12.7,0.355682281713906,39576,1217,11.3,0.348140629420819,30148,865,39.1,1.09876700501775,77093,448,85895,1782,12,0.249242976262895,-152.764723385957,65.2098453987811
3,01779777,04,AZ,Arizona,294198551143,1027337603,6838270,799,3361961,1164,222876,226,2179,348,220697,415,608523,365,39421,1633,569102,1664,795959,1142,56679,2047,739280,2277,1205762,1006,156972,2162,1048790,2443,314123,401,86488,1511,227635,1565,214718,363,100348,1417,114370,1339,3476309,1089,213070,277,1141,271,211929,364,587150,346,22919,1191,564231,1247,778138,581,42746,1888,735392,1995,1280124,597,169489,2835,1110635,2929,355741,361,81510,1667,274231,1661,262086,403,125202,1643,136884,1624,442087,3993,13.1,0.118682676023319,443007,4310,12.7,0.123917786498031,393548,3126,34.3,0.271652678386069,1146668,765,885094,5875,12.9,0.0859002308866669,-111.666425768911,34.3358729622346
4,00068085,05,AR,Arkansas,134768872727,2962859592,2937135,410,1432567,1291,97623,421,1142,227,96481,445,262538,740,24336,1532,238202,1753,327259,929,28531,1302,298728,1632,533813,1071,102140,2038,431673,2293,130766,565,46567,1326,84199,1273,80568,505,43421,897,37147,852,1504568,1274,92679,487,839,244,91840,549,251007,653,13708,747,237299,1002,331856,780,25595,1165,306261,1254,568999,1042,112207,2200,456792,2241,149277,666,45125,1129,104152,1168,110750,610,62288,1064,48462,1040,246137,3288,17.2,0.228995189847091,259762,3037,17.3,0.201321869105978,197401,2229,41.9,0.461138242046401,471361,1179,505899,4476,17.2,0.152374435381106,-92.4374160236616,34.9172622202176
5,01779778,06,CA,California,403503931312,20463871877,38653948,1897,19066676,2460,1268788,524,9049,711,1259739,845,3355893,825,175660,3019,3180233,3110,4835958,2537,269509,3962,4566449,4579,7286325,1912,730309,5059,6556016,5579,1408372,920,339010,3493,1069362,3579,911340,853,436300,3202,475040,3070,19587272,2017,1211772,584,7198,568,1204574,788,3222917,700,103185,2706,3119732,2872,4709002,1359,208888,3697,4500114,3810,7543244,1325,763275,5771,6779969,5695,1624692,801,377007,3132,1247685,3351,1275645,1112,670295,3526,605350,3558,1959837,8565,10.3,0.0449017262413993,2129848,8767,10.9,0.0447446496259046,1822612,6686,34.9,0.127478743005062,5220049,1858,4089685,12256,10.6,0.0317027292329174,-119.270413662387,36.4025453954579
6,01779779,08,CO,Colorado,268422891711,1181621593,5439267,1264,2709916,1581,171155,446,1302,256,169853,549,472137,612,24600,1253,447537,1438,677202,1218,41725,1494,635477,1948,1057001,1124,112850,2462,944151,2321,215902,489,52769,1337,163133,1381,116519,417,56022,1016,60497,1045,2729351,1217,164044,440,870,196,163174,450,450521,672,14927,940,435594,1058,650689,769,33767,1235,616922,1452,1071095,875,111974,2460,959121,2624,236059,466,48382,1344,187677,1423,156943,631,76242,1460,80701,1331,289268,3571,10.7,0.131628064267697,286162,3527,10.5,0.129140266838692,233415,2600,32.2,0.355578382785263,725423,1014,575430,5019,10.6,0.0922407068047168,-105.547883098204,39.0268717810054
7,01779780,09,CT,Connecticut,12542497068,1815617571,3530088,480,1714250,805,94768,294,854,280,93914,364,289522,364,18063,932,271459,990,388619,687,23405,1149,365214,1183,694205,682,69146,1738,625059,1649,149947,356,30490,1031,119457,1100,97189,358,40948,963,56241,1014,1815838,699,90215,151,822,271,89393,314,277230,289,9802,732,267428,828,385041,425,19163,909,365878,984,743853,427,74432,1730,669421,1754,173390,357,33059,1107,140331,1142,146109,567,68867,1263,77242,1371,182906,2698,10.7,0.157306837861067,206145,2692,11.4,0.148186684978571,173364,2193,30.6,0.384361158513744,566635,839,389051,3811,11,0.107947247268677,-72.7249540238571,41.6222299198289
8,01779781,10,DE,Delaware,5045925646,1399985648,934743,400,448772,398,27813,124,195,119,27618,158,75018,155,4894,437,70124,460,101510,309,7199,689,94311,709,171322,305,20148,1016,151174,1144,45483,140,10500,527,34983,541,27626,211,11556,513,16070,554,485971,298,27041,95,290,139,26751,158,73145,150,3228,424,69917,455,105070,231,6484,537,98586,551,190715,207,23105,1058,167610,1059,53232,142,11468,504,41764,531,36768,206,16247,657,20521,686,54492,1501,12.1,0.334294879462146,60822,1514,12.5,0.311446679888381,49771,1108,30.5,0.676027717497098,163109,356,115314,2132,12.3,0.228022981997138,-75.5007168547689,38.9947623323715
9,01702382,11,DC,District of Columbia,158340391,18687198,674258,271,316869,356,22724,45,196,125,22528,140,38599,57,2775,400,35824,403,105944,260,6361,756,99583,772,117621,335,15188,765,102433,800,19786,202,4829,338,14957,356,12195,204,5385,352,6810,374,357389,301,21968,35,126,108,21842,114,38217,76,1911,390,36306,367,125653,137,6265,641,119388,648,124395,157,18456,854,105939,914,26257,105,7175,446,19082,455,20899,235,10945,484,9954,534,34734,1253,11,0.395239730254511,44878,1318,12.6,0.368634155587914,28334,819,35.8,1.02007314462365,79137,386,79612,1819,11.8,0.269736294047415,-77.0163132512105,38.904818087122
10,00294478,12,FL,Florida,138949136250,31361101223,20288268,1724,9838027,2650,570515,798,4791,634,565724,935,1541733,1192,110449,2885,1431284,3044,2153148,2057,144834,3549,2008314,3758,3767535,2045,470838,5699,3296697,5986,1031266,842,248543,2948,782723,3116,773830,768,342677,3203,431153,3171,10450241,2150,546712,854,2951,469,543761,976,1480696,907,62663,2427,1418033,2689,2157871,1349,109522,3004,2048349,3224,4073928,1224,491877,5169,3582051,5235,1197705,764,258415,3426,939290,3572,993329,998,473397,4116,519932,4000,1322132,8529,13.4,0.0866186022622556,1398825,8398,13.4,0.0803145825584552,1323032,6901,33.1,0.172118801968397,3996130,1697,2720957,11970,13.4,0.05898860718029,-81.9322487419347,28.6538478054924
11,01705317,13,GA,Georgia,149482048342,4422936154,10109427,1677,4861434,2263,335166,1031,2964,491,332202,1116,936774,1112,58719,2011,878055,2153,1138220,2001,74321,2231,1063899,3106,1874789,1775,250356,3900,1624433,4253,376738,855,107594,1706,269144,1773,199747,736,96705,1540,103042,1539,5247993,1895,320580,852,1955,431,318625,992,905441,1114,36970,1702,868471,2207,1203718,1298,67352,1848,1136366,2059,2072162,1472,274066,4402,1798096,4413,449009,894,118308,2265,330701,2176,297083,803,154876,1894,142207,1870,590659,5455,12.1,0.112067062839193,653527,5882,12.5,0.111990704982737,477483,3742,36.1,0.279333297530396,1322577,1648,1244186,8022,12.3,0.0793254110330443,-83.4512728588705,32.6731573337381
12,01779782,15,HI,Hawaii,16633990195,11777809026,1370508,893,671256,877,46480,96,249,84,46231,126,110685,156,4982,516,105703,532,147030,793,7458,686,139572,1141,257431,567,26693,916,230738,1140,66987,164,14924,634,52063,633,42643,244,21174,592,21469,613,699252,596,43891,106,284,151,43607,166,105198,135,3184,451,102014,482,151386,448,6719,707,144667,722,266843,342,23492,932,243351,952,71217,233,12887,675,58330,686,60717,273,31824,836,28893,820,75480,1528,11.2,0.227158407072249,78390,1658,11.2,0.236917904251581,80809,1381,33.5,0.568068605445198,241564,464,153870,2255,11.2,0.164374822859904,-155.521205886131,19.6020249913044
13,01779783,16,ID,Idaho,214049787659,2391722557,1666375,469,829636,986,57933,470,550,201,57383,516,165826,647,11254,898,154572,1124,186719,733,16575,1206,170144,1448,300879,1005,43075,1341,257804,1668,74433,335,22328,842,52105,883,43846,315,23913,774,19933,731,836739,870,56214,463,366,147,55848,472,158428,621,7018,657,151410,837,183748,647,12875,860,170873,1011,306958,611,40579,1324,266379,1355,78013,371,16629,809,61384,827,53378,319,27103,711,26275,742,117695,2325,14.2,0.279735753409026,104570,2026,12.5,0.241781540896114,89973,1571,36,0.621732340524833,249670,671,222265,3084,13.3,0.185034310035609,-114.683878125244,44.467482733905
14,01779784,17,IL,Illinois,143780567633,6214824948,12643207,694,6178327,1583,397419,481,2674,400,394745,639,1092956,724,58295,1776,1034661,1849,1468078,1183,79069,1807,1389009,2169,2420017,1361,255586,2893,2164431,3074,493433,638,120786,1981,372647,2101,306424,831,138619,2026,167805,2152,6464880,1561,379504,431,2481,393,377023,600,1052970,582,34390,1286,1018580,1475,1470526,840,65140,1693,1405386,2015,2531754,923,271063,2951,2260691,3154,570853,655,128707,1949,442146,2048,459273,988,225405,2437,233868,2382,655029,4794,10.6,0.0775462574449246,727186,4808,11.2,0.0743214537323397,613517,4215,33.5,0.228499267906994,1829983,1582,1382215,6790,10.9,0.0537013757199911,-89.1992243931464,40.1053645021465
15,00448508,18,IN,Indiana,92789302676,1538002829,6538540,467,3207202,1339,214555,619,1400,245,213155,660,588381,732,44061,1735,544320,1853,747224,944,55415,1576,691809,1749,1232222,1162,180284,2878,1051938,3077,267073,561,76244,1259,190829,1378,157747,624,78145,1287,79602,1256,3331338,1301,203744,559,1239,225,202505,570,563862,865,27316,1144,536546,1458,745794,811,49878,1484,695916,1633,1282603,873,189563,3050,1093040,3277,302758,621,77586,1603,225172,1659,232577,730,118570,1332,114007,1326,435549,4133,13.6,0.128741432935565,464152,4148,13.9,0.12439558624942,350545,2754,36.5,0.282708291857884,960155,1274,899701,5856,13.8,0.0895558859582715,-86.2727907508566,39.9332337014215
16,01779785,19,IA,Iowa,144661267977,1084180812,3088842,257,1530174,1159,100506,464,773,203,99733,500,270504,668,18206,810,252298,1078,358767,945,22296,970,336471,1089,580503,1027,66320,1544,514183,1583,132180,454,32565,863,99615,917,87714,393,38954,825,48760,773,1558668,1144,96924,563,644,176,96280,584,259907,652,10500,806,249407,960,347450,698,18905,978,328545,1101,584176,626,66228,1584,517948,1746,143582,335,27721,881,115861,895,126629,517,55254,1025,71375,1066,179114,2334,11.7,0.152273779644061,179252,2444,11.5,0.156573196012924,154494,1803,31.5,0.363698172788227,490105,860,358366,3379,11.6,0.109389487761341,-93.5022097471626,42.0905515649658
17,00481813,20,KS,Kansas,211755344060,1344141205,2849329,726,1407001,1306,99290,421,1203,301,98087,520,265628,744,17865,986,247763,1165,331821,1008,23937,1210,307884,1544,521560,945,70331,1679,451229,1868,115447,436,32696,950,82751,1021,73255,405,37035,765,36220,827,1442328,1064,94886,433,898,228,93988,490,254252,713,10859,711,243393,1042,326275,641,21065,1022,305210,1138,536460,648,72234,1573,464226,1615,125943,349,29961,880,95982,961,104512,568,51011,849,53501,829,183067,2614,13,0.18539226789194,186028,2360,12.9,0.163347494444339,150703,1727,36,0.404818371380547,419157,894,369095,3522,13,0.123563975739086,-98.380978436543,38.500201327931
18,01779786,21,KY,Kentucky,102279490672,2375337755,4357195,636,2128638,1691,141232,567,1435,268,139797,636,376338,708,34362,1425,341976,1612,483422,1115,44546,1424,438876,1891,830656,1276,166474,2502,664182,2498,189729,468,66955,1310,122774,1283,107261,522,56553,1210,50708,1090,2228557,1660,133208,607,1413,290,131795,702,358953,845,19688,999,339265,1194,486051,1041,39296,1354,446755,1694,878434,987,175060,2371,703374,2500,216098,547,66358,1350,149740,1481,155813,550,86094,1353,69719,1310,370325,3684,17.4,0.172515709209082,387909,3491,17.4,0.156110959937493,275960,2614,41.3,0.385428298206141,668901,1046,758234,5075,17.4,0.11644631561043,-85.2821599133082,37.5343728740713
19,01629543,22,LA,Louisiana,111897594374,23753621895,4559274,768,2197612,1300,157354,567,1085,241,156269,580,405999,672,35661,1640,370338,1732,524168,1283,43216,1776,480952,2221,822182,1143,139208,2591,682974,2854,183434,608,57474,1287,125960,1335,104475,525,52783,970,51692,1128,2361662,1195,151984,604,1087,272,150897,671,391276,762,21432,1153,369844,1328,550797,827,37876,1653,512921,1836,899844,745,148725,2543,751119,2642,212792,520,63323,1515,149469,1668,154969,651,82642,1223,72327,1195,329427,3900,15,0.177243676702212,355085,3794,15,0.160469331279293,256222,2527,39.1,0.379188207320896,655670,1157,684512,5441,15,0.119312375322105,-92.7826889226491,31.3393935291076
20,01779787,23,ME,Maine,79887426037,11746549764,1317634,283,643383,778,33208,259,263,133,32945,265,97122,380,10061,769,87061,768,131359,436,13029,694,118330,829,267206,452,42954,1175,224252,1230,72691,248,19049,584,53642,589,41797,322,20332,513,21465,526,674251,736,31229,289,190,88,31039,298,92549,317,5128,476,87421,552,131236,352,11629,754,119607,762,282257,422,42414,1241,239843,1287,78426,275,16297,781,62129,735,58554,388,28545,729,30009,661,105688,1754,16.4,0.271896804297131,104203,1867,15.5,0.276385473069773,84223,1321,33.5,0.518656634833526,251468,626,209891,2562,15.9,0.19440932466813,-69.2227764588879,45.4025915694396
21,01714934,24,MD,Maryland,25151100280,6979966958,5907173,1089,2841214,1198,186839,344,952,226,185887,420,497815,387,32383,1443,465432,1520,655007,1089,41747,1360,613260,1714,1131560,981,115743,2073,1015817,2397,231062,358,49081,1329,181981,1276,138931,427,60405,1100,78526,1125,3065959,1027,179334,296,1177,282,178157,392,478525,406,18618,949,459907,952,677822,699,34329,1449,643493,1527,1248471,527,133391,2465,1115080,2530,275949,364,57910,1269,218039,1281,205858,555,99501,1602,106357,1632,300311,3355,10.6,0.117999191390476,344926,3651,11.3,0.119022184088982,266897,2675,31.3,0.312417239823939,851800,867,645237,4958,10.9,0.0839076979575815,-76.7715506628638,39.0398449722806
22,00606926,25,MA,Massachusetts,20205125364,7129925486,6756015,478,3269887,908,185470,222,1630,327,183840,387,517168,427,37144,1415,480024,1452,817500,776,51874,1613,765626,1660,1296793,781,137970,2413,1158823,2513,279010,446,62524,1482,216486,1539,173946,475,77718,1454,96228,1494,3486128,798,177211,211,1049,289,176162,336,496971,398,20725,1039,476246,1119,832785,374,46097,1499,786688,1512,1390496,512,153441,2632,1237055,2779,325416,359,66397,1261,259019,1366,263249,707,128862,1544,134387,1566,368860,3853,11.3,0.117791174853336,416571,3783,11.9,0.108481329795397,335501,2878,32.2,0.274472555410239,1041621,1026,785431,5400,11.6,0.0799245421702326,-71.7182362783715,42.3595787789504
23,01779789,26,MI,Michigan,146600952990,103885855702,9847464,346,4823381,1041,293072,446,2550,334,290522,547,827653,574,65251,1742,762402,1867,1108214,984,85846,1850,1022368,2038,1887396,907,280373,3285,1607023,3276,440095,459,119802,1644,320293,1590,266951,586,126389,1575,140562,1555,5024083,1003,279235,406,1982,329,277253,564,792570,506,38330,1387,754240,1478,1096772,614,77373,1615,1019399,1606,1980428,694,299277,3313,1681151,3390,493605,495,116412,1738,377193,1711,381473,728,190055,1745,191418,1766,680211,4748,14.1,0.0983901101804354,723429,4656,14.4,0.0926290333413284,552658,3354,34.9,0.210459477108573,1582124,1153,1403640,6650,14.3,0.0675282196385139,-84.6218792735369,43.5099917497743
24,00662849,27,MN,Minnesota,206228939448,18945217189,5469389,357,2718477,1105,179870,380,1403,284,178467,478,479272,568,30186,1067,449086,1218,629888,745,39121,1304,590767,1385,1065488,799,111932,2263,953556,2312,224335,392,54656,1036,169679,1082,139624,491,64442,921,75182,852,2750912,1029,171865,366,1221,271,170644,438,458454,484,17108,825,441346,1015,615501,558,32797,1141,582704,1263,1069203,622,109057,1912,960146,1936,241802,300,44849,1157,196953,1184,194087,626,85912,1182,108175,1247,301740,3156,11.1,0.116006713914772,290944,2906,10.6,0.105563589193001,249859,2158,31.2,0.267313293508998,799848,936,592684,4290,10.8,0.0784333600656555,-94.310728750067,46.3849060350948
25,01779790,28,MS,Mississippi,121533519481,3926919758,2922647,753,1399224,1476,95968,700,723,200,95245,716,270336,845,19823,1087,250513,1347,321741,1320,27661,1483,294080,1841,521438,1241,100174,2149,421264,2415,120727,597,42836,1028,77891,1106,69014,546,36382,1017,32632,1096,1523423,1274,92596,766,475,190,92121,780,259002,848,12142,786,246860,1169,342980,773,23349,1072,319631,1233,582320,828,108906,2043,473414,2186,141102,516,44122,1060,96980,1146,105423,515,60127,1210,45296,1188,227599,3183,16.3,0.226835190177964,249121,2927,16.4,0.191645810796751,183467,2163,42.1,0.484558023870445,436266,1089,476720,4324,16.3,0.147888377868125,-89.6639862469001,32.7777294970023
26,01779791,29,MO,Missouri,178050802184,2489425460,5976738,701,2913804,1524,191177,601,1324,319,189853,668,515270,919,38608,1321,476662,1565,670111,1290,52907,1568,617204,1943,1118880,1197,177178,2480,941702,2768,257914,629,79085,1361,178829,1487,160452,495,78911,1188,81541,1223,3062934,1342,181723,576,1195,234,180528,633,492145,739,22656,1153,469489,1441,681381,1049,44991,1428,636390,1765,1182117,1141,184920,2643,997197,2875,295334,680,74623,1405,220711,1438,230234,720,114524,1578,115710,1509,428013,3704,14.7,0.126886671105136,442909,3857,14.5,0.125765527962314,347143,2780,36.8,0.290305951044737,943934,1273,870922,5348,14.6,0.0894639244986732,-92.487249009426,38.3980950254954
27,00767982,30,MT,Montana,376962738765,3869208832,1026586,313,514183,723,32041,451,472,158,31569,456,84416,372,5041,490,79375,569,115475,574,8885,766,106590,744,195948,618,28597,956,167351,1087,54566,263,16437,642,38129,672,31737,228,15503,516,16234,523,512403,674,29769,327,358,164,29411,350,80404,405,3325,411,77079,590,111063,430,6526,622,104537,708,198355,507,25054,852,173301,936,54159,245,11427,654,42732,687,38653,275,18010,539,20643,508,74935,1563,14.6,0.303285868179992,64700,1424,12.6,0.277409503005271,61377,1182,34.3,0.652744043551678,179115,507,139635,2114,13.6,0.205883506923142,-109.651355383648,47.0727679385086
28,01779792,31,NE,Nebraska,198956658395,1371829134,1875468,414,932067,905,67854,358,458,153,67396,412,174144,461,10730,741,163414,802,219764,636,14073,811,205691,926,346553,607,40457,1071,306096,1190,75307,318,20742,661,54565,720,48445,335,23575,606,24870,645,943401,810,63953,401,527,151,63426,426,165302,422,6250,576,159052,701,215353,514,11674,543,203679,794,348379,549,38856,941,309523,931,82070,279,17250,758,64820,749,68344,412,31816,848,36528,819,110035,1784,11.8,0.191059005251425,106373,1682,11.3,0.178028065994636,93383,1448,34.1,0.521367138023992,274166,679,216408,2452,11.5,0.130715885751313,-99.8188235655442,41.5432784559851
29,01779793,32,NV,Nevada,284329506470,2047206072,2887475,594,1439031,748,93316,211,1321,410,91995,459,250590,280,14799,810,235791,827,329473,599,22102,1261,307371,1465,560208,611,73102,1688,487106,1789,130959,282,37917,1155,93042,1133,74485,278,34783,923,39702,947,1448444,612,88995,245,1844,376,87151,408,240622,262,10153,722,230469,746,325739,434,19991,1041,305748,1182,564813,366,74351,1790,490462,1793,140557,276,34261,1055,106296,980,87718,277,43870,1002,43848,975,184024,2729,12.8,0.189524970781805,184470,2658,12.7,0.183428352459312,150831,2074,34.8,0.476099644506174,433719,557,368494,3810,12.8,0.131923074733614,-116.666840532159,39.413802164941
30,01779794,33,NH,New Hampshire,23189413166,1026675248,1326243,276,654437,634,32777,204,412,160,32365,220,101023,299,7690,610,93333,696,144594,453,10329,605,134265,733,275056,469,32236,1006,242820,1097,64706,287,16101,669,48605,672,36281,329,17156,658,19125,642,671806,563,31302,219,171,117,31131,242,97081,258,4438,389,92643,401,141194,286,9260,682,131934,762,283812,433,33141,1158,250671,1194,69324,307,14213,761,55111,783,49093,330,22497,778,26596,740,83924,1630,12.8,0.248759019714183,83720,1776,12.5,0.264155666120456,69967,1437,31.9,0.648564552372031,219404,628,167644,2411,12.6,0.181772689357822,-71.5761834052645,43.6962432015678
31,01779795,34,NJ,New Jersey,19047825980,3544860246,8776839,625,4265444,1030,266146,204,1746,290,264400,358,737115,360,41481,1553,695634,1504,949400,840,50481,1672,898919,1858,1736960,1003,158202,2544,1578758,2850,349075,413,72597,1481,276478,1554,226748,454,96182,1733,130566,1717,4511395,829,255538,230,1412,341,254126,431,710016,386,23741,1104,686275,1162,936197,454,38994,1282,897203,1360,1847803,559,174401,2296,1673402,2454,414261,435,86136,1459,328125,1542,347580,791,168308,1894,179272,2023,420689,4118,9.9,0.0965139105523468,492992,3737,10.9,0.0828103460049333,423223,3303,31.6,0.245568438119545,1337664,1092,913681,5561,10.4,0.0633556040884484,-74.7267741526774,39.6169036407543
32,00897535,35,NM,New Mexico,314196306401,728776523,2057526,691,1008154,1026,65489,351,793,239,64696,396,185730,640,11183,834,174547,971,236091,813,19026,976,217065,1264,367227,776,61880,1602,305347,1754,95018,298,29733,902,65285,895,58599,279,32724,799,25875,785,1049372,833,62868,344,391,145,62477,371,179025,603,6556,588,172469,934,231653,466,15442,888,216211,891,393151,656,62077,1734,331074,1896,106237,358,29397,955,76840,1024,76438,385,42163,921,34275,978,155339,2392,15.4,0.236746587423302,156026,2434,14.9,0.231647763481186,134017,1792,39.9,0.526993291665554,336292,666,311365,3413,15.1,0.165800952775486,-106.106409224733,34.4614491432654
33,01779796,36,NY,New York,122049149763,19246994695,19378618,874,9362892,1577,594981,459,3550,520,591431,699,1514995,653,97821,2325,1417174,2363,2310376,1220,131630,2756,2178746,2790,3665932,1376,388803,4523,3277129,4890,773617,641,169319,2486,604298,2372,502991,837,222604,2383,280387,2534,10015726,1436,568625,437,3780,450,564845,636,1454153,581,57090,1812,1397063,1906,2355322,737,112182,2665,2243140,2675,3940688,941,447179,4550,3493509,4491,923712,671,206801,2757,716911,2697,773226,1046,381953,2738,391273,2721,1013727,6752,10.8,0.0720914093885389,1208985,6811,12.1,0.0679810325309823,980677,5192,33,0.17366790397828,2973546,1630,2222712,9591,11.5,0.0494899898643122,-75.5013589390929,42.965330364791
34,01027616,37,NC,North Carolina,125923656064,13466071395,9952031,1743,4786233,2284,308596,788,2621,467,305975,938,859474,1100,59803,1918,799671,2272,1075970,1752,78822,2203,997148,2419,1870500,1687,266244,3457,1604256,3805,429598,864,123097,1982,306501,2130,242095,611,116571,1351,125524,1514,5165798,1829,294559,714,2140,374,292419,727,826353,901,35019,1342,791334,1627,1140945,1129,67507,1949,1073438,2220,2045227,1097,290261,3923,1754966,4186,502580,752,125321,1951,377259,1973,356134,846,183127,1984,173007,2046,647158,5143,13.5,0.107260125344005,703375,5373,13.6,0.103899252701401,548116,3674,35.8,0.237310607647649,1530407,1550,1350533,7438,13.6,0.0747007130097925,-79.3637118571318,35.5466450622037
35,01779797,38,ND,North Dakota,178707534813,4403267548,736241,426,376144,840,26850,261,187,125,26663,296,62288,514,3847,337,58441,597,103525,723,4989,490,98536,807,135506,623,15931,778,119575,884,28826,164,7279,382,21547,379,19149,176,9142,398,10007,382,360097,731,25970,305,127,69,25843,323,58299,470,1689,255,56610,518,91628,464,5376,619,86252,782,128303,430,12484,666,115819,710,29242,214,6059,438,23183,459,26655,232,12234,505,14421,501,41375,1131,11,0.299677624751365,37969,1159,10.5,0.321145193370646,34714,867,33.4,0.824849845103911,103872,397,79344,1619,10.8,0.219812390876699,-100.471113855255,47.4685693290347
36,01085497,39,OH,Ohio,105828882568,10268850702,11468700,587,5597255,1703,356158,582,2826,447,353332,705,980024,847,79389,2244,900635,2291,1271875,1122,98389,2480,1173486,2422,2184556,1483,311448,4093,1873108,4185,496616,681,130875,2004,365741,2233,308026,707,143385,1593,164641,1512,5871445,1640,339775,611,1816,326,337959,712,938572,822,47571,1289,891001,1574,1275682,986,86245,2222,1189437,2456,2297987,1241,342008,3935,1955979,4153,568293,678,135586,2336,432707,2383,451136,1227,221865,2122,229271,2083,766312,5890,13.7,0.105147674597822,835091,5670,14.2,0.0964873222276704,631711,4064,34.6,0.220417370259767,1824071,1711,1601403,8176,14,0.0712861016896398,-82.7881144032045,40.3081697476852
37,01102857,40,OK,Oklahoma,177662925723,3374587997,3837568,808,1882321,1176,135147,377,1434,271,133713,392,354319,498,26621,905,327698,1029,447715,1016,38073,1214,409642,1487,690270,897,125049,1795,565221,1965,157089,398,57755,924,99334,872,97781,471,54016,866,43765,908,1955247,939,128838,454,1449,236,127389,522,338262,494,17731,766,320531,935,447525,710,34442,1157,413083,1319,724582,676,129385,2076,595197,2080,179043,402,53629,998,125414,952,136997,538,73845,889,63152,905,302948,2682,16.1,0.142128427066369,310481,2842,15.9,0.14515229018683,239245,1841,41.9,0.315442657572563,570910,912,613429,3908,16,0.101779698003389,-97.5154977833938,35.5990615809058
38,01155107,41,OR,Oregon,248606993270,6192386935,4042073,372,1993496,929,118970,369,1192,344,117778,491,324695,673,23783,1221,300912,1435,464668,735,40169,1658,424499,1792,777845,727,111628,2176,666217,2203,194350,486,57442,1477,136908,1549,112968,377,57475,1018,55493,984,2048577,812,112957,427,897,234,112060,427,309814,554,14626,1035,295188,1122,458698,447,35081,1417,423617,1484,802242,585,114180,2141,688062,2147,214327,416,51128,1405,163199,1425,150539,490,76975,1154,73564,1196,291689,3509,14.6,0.175890302943175,292887,3320,14.3,0.16196460484618,243020,2554,36.2,0.376928001066451,672184,890,584576,4831,14.5,0.119510469620983,-120.552210322461,43.9693307831448
39,01779798,42,PA,Pennsylvania,115884442321,3394589990,12587979,432,6129081,1320,363071,450,2578,349,360493,562,1000335,600,87084,2112,913251,2067,1405736,1112,104657,2334,1301079,2531,2417860,1211,325847,4122,2092013,4592,569837,669,144656,2151,425181,2056,372242,723,170200,1432,202042,1500,6458898,1313,346082,439,2363,425,343719,585,958120,583,49226,1481,908894,1560,1404017,706,94928,2070,1309089,2319,2542202,910,351936,3991,2190266,4101,650210,683,145921,2135,504289,2096,558267,991,272188,2642,286079,2582,835022,5805,13.6,0.0946669446606258,916562,5842,14.2,0.0904028513225959,732965,4268,34.1,0.196924258067399,2150556,1555,1751584,8236,13.9,0.0654257576231091,-77.7997846934395,40.8836410342814
40,01219835,44,RI,Rhode Island,2677779902,1323670487,1040879,291,504116,523,28137,187,280,139,27857,231,78672,280,6304,553,72368,657,125897,455,9806,876,116091,906,198934,377,25636,1080,173298,1094,44605,232,10789,537,33816,598,27871,254,12527,578,15344,560,536763,454,26450,184,128,77,26322,214,75261,203,3499,436,71762,474,127188,263,9339,704,117849,735,213202,345,30709,1151,182493,1164,50928,220,11365,615,39563,600,43734,376,21096,681,22638,660,65342,1697,13,0.336360176927115,76136,1691,14.2,0.31480809563613,55777,1210,33.4,0.715421231627399,167138,555,141478,2396,13.6,0.230158693309646,-71.5875066739124,41.6961554477739
41,01779799,45,SC,South Carolina,77864918488,5075218778,4858485,1014,2331404,1537,147614,565,1104,284,146510,611,408978,750,30888,1425,378090,1485,525146,1356,40182,1629,484964,1922,888527,1035,143981,3008,744546,3326,234215,495,69371,1605,164844,1655,126924,486,60801,1142,66123,1201,2527081,1297,142459,516,1427,326,141032,621,394580,657,17208,1022,377372,1119,549944,923,32878,1203,517066,1471,989682,700,154591,2713,835091,2913,271628,495,68039,1650,203589,1695,178788,502,92925,1240,85863,1300,346327,4206,14.9,0.180140308683285,367068,3771,14.5,0.149037213324266,291136,2853,35.9,0.348818437904973,811555,989,713395,5649,14.7,0.11623041970365,-80.8985136351716,33.916214884517
42,01785534,46,SD,South Dakota,196346981786,3382720225,846821,341,424905,749,30971,288,423,138,30548,319,77938,431,4770,460,73168,615,98368,637,7122,690,91246,976,157186,507,20046,805,137140,892,37607,209,10238,474,27369,475,22835,283,10463,418,12372,462,421916,658,29430,281,183,92,29247,283,73597,438,2201,269,71396,536,94293,509,6113,532,88180,682,154765,532,17102,690,137663,776,38078,228,7341,574,30737,604,31753,299,14543,526,17210,554,53062,1324,12.5,0.310820524544248,47483,1203,11.3,0.284587132778466,42585,1003,32.7,0.758999048238876,130273,515,100545,1789,11.9,0.211206594186629,-100.232226625261,44.4553415401531
43,01325873,47,TN,Tennessee,106802728188,2350123465,6547663,980,3170888,1710,206063,725,1904,325,204159,845,558900,752,41473,1456,517427,1536,723434,1291,58080,2275,665354,2587,1230695,1269,209382,3119,1021313,3405,288899,662,90450,1722,198449,1732,162897,592,82970,1438,79927,1445,3376775,1366,197495,771,1440,350,196055,827,536277,721,26245,1393,510032,1502,751383,1019,51949,1596,699434,1815,1326784,958,225757,3031,1101027,3248,329832,628,92910,1608,236922,1652,235004,714,127358,1418,107646,1493,484259,4708,15.3,0.148247159949835,525659,4289,15.6,0.126858479983649,393688,3103,38.7,0.301173599867439,1016632,1301,1009918,6369,15.4,0.0972439486349801,-86.3397866034863,35.8470257836399
44,01779801,48,TX,Texas,676653171537,19006305260,27417645,2145,13487341,2703,1022206,1042,8999,895,1013207,1430,2690352,1661,172942,3207,2517410,3636,3346253,2989,208796,4056,3137457,5034,4974891,2459,599659,5702,4375232,6055,921859,1022,276201,3129,645658,2983,531780,999,273104,2553,258676,2508,13930304,2206,976456,1026,6524,799,969932,1328,2593808,1493,108411,2711,2485397,3140,3331235,1921,175859,3451,3155376,4040,5229176,1664,634390,5230,4594786,5471,1054868,1120,287874,2947,766994,3093,744761,1376,400106,2917,344655,2892,1539701,8738,11.4,0.0647462675224208,1613164,8028,11.6,0.0576005695801713,1237285,5788,38,0.175909018990194,3253268,2278,3152865,11866,11.5,0.0432693471751781,-99.3717699000508,31.5724078615364
45,01455989,49,UT,Utah,212886221680,6998824394,3019579,505,1513623,934,129490,307,1047,296,128443,421,340919,566,19444,1200,321475,1318,395842,671,23738,997,372104,1163,500849,636,52490,1306,448359,1332,90182,310,22983,744,67199,779,56341,247,27003,830,29338,788,1505956,829,123358,368,752,213,122606,440,322420,438,10978,671,311442,773,388611,486,21302,996,367309,1067,501990,528,53828,1609,448162,1605,98749,345,21738,858,77011,873,70828,354,35604,910,35224,929,146705,2339,9.7,0.154414113008639,144202,2375,9.6,0.157619017373868,107328,1675,34,0.525501291620901,316100,634,290907,3333,9.6,0.110367865703619,-111.682412156266,39.3642277011554
46,01779802,50,VT,Vermont,23874175944,1030416650,618896,136,304575,442,15391,174,156,78,15235,202,45492,299,4316,431,41176,490,70259,361,6663,494,63596,479,122858,371,16984,687,105874,765,32709,190,8363,389,24346,431,17866,159,8291,321,9575,314,314321,424,14285,159,83,48,14202,167,42856,220,2359,328,40497,371,68395,258,5379,504,63016,524,129190,360,17319,781,111871,779,34907,213,7262,373,27645,425,24688,170,12008,450,12680,432,44773,1078,14.7,0.353292324294269,44410,1147,14.1,0.364415521960261,35924,772,32.6,0.692218456991297,110170,368,89183,1574,14.4,0.254304114404013,-72.6609250559808,44.0853991096012
47,01779803,51,VA,Virginia,102257717110,8528531774,8197642,2117,3969711,2254,262117,826,2156,388,259961,838,689929,1169,45186,1673,644743,1937,920019,2111,58469,1889,861550,2793,1563085,1897,179477,2737,1383608,3171,338131,644,83005,1656,255126,1793,196430,734,90451,1619,105979,1683,4227931,1962,247829,936,1512,309,246317,955,664766,1026,25544,1114,639222,1505,955585,1563,51986,1703,903599,2305,1690691,1396,193674,2944,1497017,3482,388335,640,84658,1680,303677,1819,280725,735,138102,1752,142623,1472,458744,4401,11.6,0.110670149542462,495476,4335,11.7,0.102388094147749,396216,3355,32.9,0.276175175752599,1203621,1380,954220,6177,11.6,0.0752909520357603,-78.8747539368959,37.5231892631893
48,01779804,53,WA,Washington,172112588220,12559278850,7187395,1428,3565128,1683,232133,441,1836,380,230297,587,602494,530,38431,1347,564063,1490,855090,1423,62286,1968,792804,2349,1393592,991,181649,2559,1211943,2759,307670,552,85151,1478,222519,1466,174149,497,87241,1159,86908,1193,3622267,1179,220875,405,1683,321,219192,491,575852,544,22493,1101,553359,1240,834789,906,51933,1847,782856,2053,1419152,785,181369,2877,1237783,3033,337817,517,80912,1367,256905,1455,233782,565,120433,1575,113349,1537,456594,3988,12.8,0.111697834577276,458823,4166,12.7,0.114936927334129,373737,2807,35.5,0.264031619871295,1053418,1067,915417,5767,12.7,0.0801977815016746,-120.43028570438,47.397180774417
49,01779805,54,WV,West Virginia,62266474513,489028543,1800270,221,885577,926,51051,396,371,132,50680,404,139632,508,13092,693,126540,897,187709,575,18964,832,168745,1060,354209,658,77661,1586,276548,1673,96383,362,36747,1011,59636,1058,56593,318,31790,778,24803,745,914693,906,48205,345,474,186,47731,394,133348,503,7132,569,126216,679,184123,602,14271,867,169852,1074,366082,788,75120,1687,290962,1747,104405,398,32779,965,71626,970,78530,378,43478,923,35052,923,178625,2309,20.2,0.259879513955952,173254,2396,18.9,0.261273085512875,144794,1847,43.1,0.541809739473769,335911,730,351879,3328,19.5,0.184845587037353,-80.6087400153847,38.6519367078775
50,01779806,55,WI,Wisconsin,140290039723,29344951758,5706206,338,2823433,1039,172146,362,1185,198,170961,428,486224,558,32799,1015,453425,1182,638177,831,41782,1324,596395,1572,1118838,882,129298,2161,989540,2418,252151,443,60030,1096,192121,1179,155897,416,69439,1144,86458,1152,2882773,1007,163774,416,1126,250,162648,440,465292,547,18728,950,446564,1134,629560,603,36362,1132,593198,1277,1134919,587,130754,2093,1004165,2151,269950,419,52259,1143,217691,1191,219278,543,98334,1392,120944,1451,334533,3163,11.8,0.111941860629289,337563,3142,11.7,0.108915498249049,280062,2399,31.2,0.265459269349052,897276,916,672096,4458,11.8,0.0781223502564083,-90.0210439383857,44.6652937790237
51,01779807,56,WY,Wyoming,251458544898,1867670745,571923,367,290180,959,19089,356,251,141,18838,387,51633,513,3052,445,48581,622,67831,672,5274,482,62557,667,110743,540,15588,930,95155,942,26214,188,8488,481,17726,488,14670,165,7361,406,7309,392,281743,827,18181,402,62,48,18119,407,48301,532,2060,308,46241,609,63209,490,3670,486,59539,753,107507,552,13504,692,94003,785,26158,200,6089,495,20069,506,18387,232,9032,462,9355,472,40014,1308,13.8,0.448445113210722,34417,1127,12.2,0.398399593647381,30970,924,36.3,1.06853249746973,85429,395,74431,1727,13,0.301848224317205,-107.55143503067,43.0321218585002
52,01779808,72,PR,Puerto Rico,8868896030,4922382562,3361571,294,1594465,779,80711,288,895,225,79816,378,270304,227,33776,1243,236528,1311,367240,615,34698,1296,332542,1444,600391,574,140632,2391,459759,2409,161365,221,60072,1312,101293,1316,114454,439,65557,1193,48897,1201,1767106,754,76925,291,830,255,76095,382,259540,220,19131,1049,240409,1103,380686,315,29195,1443,351491,1454,692600,496,152005,2850,540595,2865,196995,135,74664,1322,122331,1335,160360,598,106889,1190,53471,1224,335630,3484,21,0.218263744057801,382714,3812,21.7,0.215521914807627,307182,2512,48.5,0.392133677917821,633174,786,718344,5164,21.4,0.153607281057626,-66.4785923809415,18.2250706456559
