Object ID,State GNIS Code,Geographic Identifier - FIPS Code,State FIPS Postal Code,Name,Area of Land (Square Meters),Area of Water (Square Meters),Total Workers 16 Years and Over,Total Workers 16 Years and Over - Margin of Error,"All Workers who commuted by car, truck, or van","All Workers who commuted by car, truck, or van - Margin of Error",Workers who drove alone,Workers who drove alone - Margin of Error,Workers who carpooled,Workers who carpooled - Margin of Error,All Workers who commuted by public transportation (excluding taxicab),All Workers who commuted by public transportation (excluding taxicab) - Margin of Error,Workers who commuted by bus or trolley bus,Workers who commuted by bus or trolley bus - Margin of Error,Workers who commuted by streetcar or trolley car (carro público in Puerto Rico),Workers who commuted by streetcar or trolley car (carro público in Puerto Rico) - Margin of Error,Workers who commuted by subway or elevated,Workers who commuted by subway or elevated - Margin of Error,Workers who commuted by railroad,Workers who commuted by railroad - Margin of Error,Workers who commuted by ferryboat,Workers who commuted by ferryboat - Margin of Error,Workers who commuted by taxicab,Workers who commuted by taxicab - Margin of Error,Workers who commuted by motorcycle,Workers who commuted by motorcycle - Margin of Error,Workers who commuted by bicycle,Workers who commuted by bicycle - Margin of Error,Workers who commuted by walking,Workers who commuted by walking - Margin of Error,Workers who commuted by other means,Workers who commuted by other means - Margin of Error,Workers who worked at home,Workers who worked at home - Margin of Error,Percent of workers who commuted by driving alone,Percent of workers who commuted by driving alone - Margin of Error,Percent of workers who commuted by carpooling,Percent of workers who commuted by carpooling - Margin of Error,Percent of workers who commuted by public transportation,Percent of workers who commuted by public transportation - Margin of Error,Percent of workers who commuted by bus or trolley bus,Percent of workers who commuted by bus or trolley bus - Margin of Error,Percent of workers who commuted by streetcar or trolley car,Percent of workers who commuted by streetcar or trolley car - Margin of Error,Percent of workers who commuted by subway or elevated,Percent of workers who commuted by subway or elevated - Margin of Error,Percent of workers who commuted by railroad,Percent of workers who commuted by railroad - Margin of Error,Percent of workers who commuted by ferryboat,Percent of workers who commuted by ferryboat - Margin of Error,Percent of workers who commuted by taxicab,Percent of workers who commuted by taxicab - Margin of Error,Percent of workers who commuted by motorcycle,Percent of workers who commuted by motorcycle - Margin of Error,Percent of workers who commuted by bicycle,Percent of workers who commuted by bicycle - Margin of Error,Percent of workers who commuted by walking,Percent of workers who commuted by walking - Margin of Error,Percent of workers who commuted by other means,Percent of workers who commuted by other means - Margin of Error,Percent of workers who worked at home,Percent of workers who worked at home - Margin of Error,x,y
1,01779775,01,AL,Alabama,131174048583,4593327154,2051445,7865,1934423,8203,1760032,8306,174391,3364,6959,682,6427,672,126,84,98,83,65,45,243,134,741,174,2238,316,2115,304,22977,1206,15111,1003,66881,2140,85.8,0.236091421163762,8.5,0.160710572854338,0.3,0.0332194105417957,0.3,0.032735369523143,0,0.00409460701921292,0,0.00404588714776955,0,0.0021935421117483,0,0.00653182324530927,0,0.00848069563805797,0.1,0.0153980969818826,0.1,0.0148135503824187,1.1,0.0586307910077234,0.7,0.0488107387079546,3.3,0.103565182531381,-86.8274553990687,32.8145858024608
2,01785533,02,AK,Alaska,1478839695958,245481577452,358627,1842,290566,2199,246808,2440,43758,1763,4981,523,4598,516,46,59,37,28,23,31,277,77,1045,185,488,128,3590,438,27575,1128,13651,667,16731,803,68.8,0.58134322736392,12.2,0.487586066947907,1.4,0.145659385410105,1.3,0.143731306247452,0,0.0164515016790239,0,0.0078073750912017,0,0.00864401590193432,0.1,0.0214671106024268,0.3,0.0515639151155425,0.1,0.0356848359456833,1,0.122024191459531,7.7,0.312043701882063,3.8,0.184956659001512,4.7,0.22262365062807,-152.764723385957,65.2098453987811
3,01779777,04,AZ,Arizona,294198551143,1027337603,3008707,8646,2632801,9734,2306027,9270,326774,5309,57302,2125,52612,2087,2319,367,1235,256,883,215,253,139,4477,593,12538,773,27178,1363,57910,1756,33773,1344,182728,3178,76.6,0.21544890900381,10.9,0.173672387970798,1.9,0.070415975516228,1.7,0.0691830905559271,0.1,0.0121959197796192,0,0.00850782076304929,0,0.00714542911517849,0,0.0046198615756129,0.1,0.0197048241596185,0.4,0.0256641758700895,0.9,0.045227420746994,1.9,0.0581012648665202,1.1,0.0445537330870669,6.1,0.104174951723909,-111.666425768911,34.3358729622346
4,00068085,05,AR,Arkansas,134768872727,2962859592,1274750,6555,1189092,6648,1055112,6149,133980,3156,4631,521,4322,516,50,58,110,81,72,53,77,51,801,219,2134,341,2205,317,22089,1234,10341,890,43457,1620,82.8,0.226998309329855,10.5,0.241606885047401,0.4,0.0408280440936322,0.3,0.0404409620762986,0,0.0045498670425678,0,0.00635403216177747,0,0.00415757653011379,0,0.00400066389229763,0.1,0.0171768004013321,0.2,0.0267364888191739,0.2,0.0248517086455939,1.7,0.0963923342235415,0.8,0.0696928834260212,3.4,0.125868883675152,-92.4374160236616,34.9172622202176
5,01779778,06,CA,California,403503931312,20463871877,17904213,22700,15039427,23522,13203972,18894,1835455,14997,910567,6572,588949,5646,22326,1217,210027,3502,78582,2108,10683,786,25127,1559,60775,1987,180761,3703,474721,5255,192025,3866,1020810,7531,73.7,0.0489246509153282,10.3,0.0827478494329518,5.1,0.0361356600484908,3.3,0.0312574758659069,0.1,0.00679544400300189,1.2,0.019503015754209,0.4,0.0117606076748269,0.1,0.00438937634499323,0.1,0.0087056296160421,0.3,0.0110895988231102,1,0.0206426343554694,2.7,0.0291574852614833,1.1,0.0215498243501453,5.7,0.0414369251296572,-119.270413662387,36.4025453954579
6,01779779,08,CO,Colorado,268422891711,1181621593,2822072,6790,2374938,7132,2125477,7967,249461,3907,86516,2352,67401,2154,2557,419,10676,609,5583,581,299,130,1731,348,4711,413,33829,1184,80354,2111,21779,1194,218214,2852,75.3,0.216473685667728,8.8,0.136800941911705,3.1,0.0830159691669304,2.4,0.0761102721920034,0.1,0.0148456464119619,0.4,0.0215606845225802,0.2,0.0205822067322634,0,0.00460647387585922,0.1,0.0123304818870377,0.2,0.0146291245594009,1.2,0.0418557355811703,2.8,0.0744888209802914,0.8,0.0422685737969556,7.7,0.0993332752846048,-105.547883098204,39.0268717810054
7,01779780,09,CT,Connecticut,12542497068,1815617571,1780653,5383,1535452,6331,1391925,6347,143527,3578,84347,2121,41788,1828,351,139,2226,313,39810,1126,172,69,2505,372,1284,254,4895,495,49525,1834,12079,958,90566,2176,78.2,0.266849769283762,8.1,0.19945461650516,4.7,0.118249718473518,2.3,0.102413538558871,0,0.00780589760600555,0.1,0.0175737582614921,2.2,0.0628730088330892,0,0.00387487291577251,0.1,0.0208868832733078,0.1,0.0142627642369533,0.3,0.0277863661908817,2.8,0.102652162984676,0.7,0.0537613915436771,5.1,0.121231221448438,-72.7249540238571,41.6222299198289
8,01779781,10,DE,Delaware,5045925646,1399985648,444908,2826,396966,3200,360365,3347,36601,1615,11739,855,9067,705,82,52,319,127,2196,355,75,64,137,78,433,148,1328,262,9518,731,3154,444,21633,1058,81,0.548856998154674,8.2,0.359215586364807,2.6,0.191442365010729,2,0.157930101875171,0,0.0116872232888743,0.1,0.0285415939634692,0.5,0.0797301591599185,0,0.0143845979267573,0,0.0175306233239563,0.1,0.0332595597477021,0.3,0.058858050314379,2.1,0.163740742960597,0.7,0.0996942727125389,4.9,0.235787809457766,-75.5007168547689,38.9947623323715
9,01702382,11,DC,District of Columbia,158340391,18687198,366168,2437,144993,2469,125462,2329,19531,1130,127530,2737,50181,2026,712,219,75595,2042,1000,185,42,49,3131,414,557,182,16350,989,48047,1713,3155,460,22405,1116,34.3,0.593762847255231,5.3,0.306552929776957,34.8,0.710621824892855,13.7,0.545728565757307,0.2,0.0597946099069187,20.6,0.540475907434949,0.3,0.050490552490605,0,0.0133816179162664,0.9,0.112919544900051,0.2,0.0496936494733361,4.5,0.268454768852205,13.1,0.459594696514802,0.9,0.125494445479762,6.1,0.302045276567658,-77.0163132512105,38.904818087122
10,00294478,12,FL,Florida,138949136250,31361101223,9140393,18857,8096487,19602,7255390,17096,841097,11178,176146,4470,157889,4450,1289,298,9586,830,6519,713,863,248,16176,1262,24884,1225,58229,2193,129987,3016,103965,3089,534519,7046,79.4,0.0903679218317035,9.2,0.120809854074505,1.9,0.0487419309991138,1.7,0.0485543951448848,0,0.00326012387612256,0.1,0.00907799437930945,0.1,0.00779915205209215,0,0.00271316133907383,0.2,0.013802018025137,0.3,0.0133902757875538,0.6,0.0239563802543084,1.4,0.0328657007334494,1.1,0.0337134812494636,5.8,0.0761364779916559,-81.9322487419347,28.6538478054924
11,01705317,13,GA,Georgia,149482048342,4422936154,4667378,11149,4165302,13179,3708394,12077,456908,6661,99181,2974,71421,2463,795,218,23545,1343,3093,548,327,137,12680,1273,4866,613,10723,826,69380,2369,50744,2188,254502,4149,79.5,0.175876859551599,9.8,0.140785167121495,2.1,0.0635163567371869,1.5,0.0526437822899722,0,0.0046705394023247,0.5,0.0287489427775697,0.1,0.011740000327413,0,0.00293521915806198,0.3,0.0272666926563107,0.1,0.0131313510624987,0.2,0.0176887914386425,1.5,0.0506321952468448,1.1,0.0468065775889409,5.5,0.0879341660402064,-83.4512728588705,32.6731573337381
12,01779782,15,HI,Hawaii,16633990195,11777809026,700228,3508,566883,3464,468932,3457,97951,2462,45326,1472,44999,1474,53,50,168,98,45,36,61,43,540,158,4379,419,5956,561,31742,1304,12050,978,33352,1374,67,0.362183475345111,14,0.344545050302204,6.5,0.2077009296659,6.4,0.208026348278638,0,0.00714043068692054,0,0.0139949253403362,0,0.0051410817776535,0,0.00614070189384881,0.1,0.0225607713758985,0.6,0.0597555790742628,0.9,0.0800033589159604,4.5,0.184835152007043,1.7,0.139402463486325,4.8,0.194765530525852,-155.521205886131,19.6020249913044
13,01779783,16,ID,Idaho,214049787659,2391722557,757408,3243,670856,3537,595426,3586,75430,2675,5418,498,5201,488,36,31,64,60,63,64,54,46,410,162,2036,322,7214,649,19434,964,6034,556,46006,1544,78.6,0.332958518400854,10,0.350594579136545,0.7,0.0656791827383494,0.7,0.0643631470600749,0,0.00409285573670706,0,0.00792167157324676,0,0.00844979608486915,0,0.00607326816183068,0.1,0.021387480466228,0.3,0.0424978310827294,1,0.0855898725713675,2.6,0.126801141135959,0.8,0.0733289607289895,6.1,0.202187298477465,-114.683878125244,44.467482733905
14,01779784,17,IL,Illinois,143780567633,6214824948,6124144,11844,4962939,13372,4476231,12227,486708,6788,578636,4877,229402,3614,2973,458,199271,2757,146470,2954,520,140,15651,987,5379,478,39586,1521,182578,3531,48646,1708,290729,3498,73.1,0.140992979581274,7.9,0.109769129984178,9.4,0.0775108018177706,3.7,0.0585659718119271,0,0.00747800684403082,3.3,0.0445765395104057,2.4,0.0480130228504432,0,0.00228597478922469,0.3,0.0161089575487261,0.1,0.00780332378446428,0.6,0.0248046422050825,3,0.0573680229500236,0.8,0.0278472704447564,4.7,0.0563754748404446,-89.1992243931464,40.1053645021465
15,00448508,18,IN,Indiana,92789302676,1538002829,3107072,7703,2851074,8271,2578594,8392,272480,4320,31522,1312,24684,1175,457,195,1563,317,4469,445,349,136,2346,412,3459,319,12793,972,64980,1703,24295,1080,116603,2519,83,0.174978196423256,8.8,0.137327240755251,1,0.0421512755169783,0.8,0.0377656299563445,0,0.00627589925626802,0.1,0.0102017692417991,0.1,0.0143177258869877,0,0.00437702272914744,0.1,0.0132587511603757,0.1,0.0102631903646795,0.4,0.0312668137526469,2.1,0.0545646602868995,0.8,0.0347053150175444,3.8,0.0805374841370605,-86.2727907508566,39.9332337014215
16,01779785,19,IA,Iowa,144661267977,1084180812,1583271,4647,1416582,5192,1285034,5433,131548,2733,17435,1051,16984,1043,112,60,72,41,32,26,235,118,1243,234,2417,286,7766,517,51801,1437,10755,717,75272,1709,81.2,0.246989417746006,8.3,0.170886063985866,1.1,0.0663028292306051,1.1,0.0658009952556542,0,0.003789565998555,0,0.00258954123368215,0,0.00164215919815398,0,0.00745279766579477,0.1,0.014777732817939,0.2,0.0180583112311753,0.5,0.0326221655566654,3.3,0.0902520318640804,0.7,0.0452420835246909,4.8,0.107035358263344,-93.5022097471626,42.0905515649658
17,00481813,20,KS,Kansas,211755344060,1344141205,1422992,4746,1299825,4630,1169866,5106,129959,3097,6898,699,6397,671,112,68,130,64,39,36,220,95,730,246,2557,351,5119,526,33452,1292,11029,795,63382,1557,82.2,0.23145218588858,9.1,0.215497952523941,0.5,0.0490952366164318,0.4,0.047130322462274,0,0.00477859144615621,0,0.00449746248065999,0,0.00252986418830017,0,0.00667587494048852,0.1,0.0172866714117334,0.2,0.0246590550820947,0.4,0.0369448912609923,2.4,0.0904554419130894,0.8,0.055808363758308,4.5,0.108404183432866,-98.380978436543,38.500201327931
18,01779786,21,KY,Kentucky,102279490672,2375337755,1929677,6494,1769353,7039,1584648,7245,184705,3460,20400,1030,19943,999,127,72,82,58,95,60,153,76,1198,246,1741,283,3692,427,42943,1455,20648,1183,69702,1820,82.1,0.254143063317347,9.6,0.176387398777709,1.1,0.0532581096793066,1,0.0516533595680145,0,0.00373112865314679,0,0.00300565035033989,0,0.00310928451891217,0,0.00393839258003985,0.1,0.0127465353286316,0.1,0.0146625234540667,0.2,0.0221186858741897,2.2,0.0750283670453828,1.1,0.0611997476728157,3.6,0.0935296650985032,-85.2821599133082,37.5343728740713
19,01629543,22,LA,Louisiana,111897594374,23753621895,2007599,6988,1847379,7316,1660274,8018,187105,3975,25582,1394,23711,1403,1304,214,234,109,107,79,226,112,1948,359,2486,394,10474,776,36198,1823,23242,1264,60290,1960,82.7,0.276846582652012,9.3,0.195322097272984,1.3,0.0692943711827996,1.2,0.069763452266066,0.1,0.0106571013101489,0,0.0054292195195107,0,0.00393500505131799,0,0.00557866572700667,0.1,0.0178788672973365,0.1,0.0196206994387723,0.5,0.0386104550712498,1.8,0.0905878428976361,1.2,0.0628316912123497,3,0.0970678431765216,-92.7826889226491,31.3393935291076
20,01779787,23,ME,Maine,79887426037,11746549764,651799,3123,574444,2718,511466,2882,62978,1880,4159,469,3384,441,49,30,132,84,179,77,415,106,1561,405,927,190,2729,400,25602,1028,4852,479,37525,1004,78.5,0.232696048172176,9.7,0.284692944781308,0.6,0.0718897185381765,0.5,0.0676131500297062,0,0.00460250496245625,0,0.012887043243304,0,0.0118127250023714,0.1,0.0162598206565648,0.2,0.062125123296135,0.1,0.0291421247889442,0.4,0.0613358149571589,3.9,0.156590442206521,0.7,0.0734023095920143,5.8,0.15154518329995,-69.2227764588879,45.4025915694396
21,01714934,24,MD,Maryland,25151100280,6979966958,3021967,6485,2506407,7636,2233034,7075,273373,4234,258397,3596,122601,2839,1602,315,111886,2208,21835,975,473,123,7710,776,2553,331,10199,618,70350,2067,23926,1383,142425,2607,73.9,0.172240285103534,9,0.138756030003782,8.6,0.117572093529926,4.1,0.0935411566739589,0.1,0.010423053586613,3.7,0.0726317195582578,0.7,0.0322264742387498,0,0.00407005806899671,0.3,0.0256728017416634,0.1,0.0109516303989272,0.3,0.0204374276729748,2.3,0.0682164794544297,0.8,0.0457333449752506,4.7,0.0856734032518414,-76.7715506628638,39.0398449722806
22,00606926,25,MA,Massachusetts,20205125364,7129925486,3500223,8983,2721039,9285,2458064,9516,262975,4858,358143,4211,118713,3159,7175,690,168360,3215,60504,1666,3391,371,8352,698,2932,455,29651,1321,171603,3058,32469,1575,176034,2721,70.2,0.203543992874798,7.5,0.137445272126693,10.2,0.117405798971523,3.4,0.0898306794650746,0.2,0.0197060087328225,4.8,0.0910179990278089,1.7,0.0473897791516129,0.1,0.0105964081373166,0.2,0.0199321816908013,0.1,0.0129973940121158,0.8,0.0376777821653539,4.9,0.08645509454696,0.9,0.0449341117679064,5,0.0766589209045179,-71.7182362783715,42.3595787789504
23,01779789,26,MI,Michigan,146600952990,103885855702,4504994,9085,4110477,8819,3714050,8490,396427,4658,61568,1815,59491,1811,427,140,845,217,336,94,469,144,5082,543,4067,392,19549,919,101150,1945,28104,1106,174997,2632,82.4,0.0887372478147645,8.8,0.101862106254977,1.4,0.0401942419827874,1.3,0.0401115238637286,0,0.00310760351121294,0,0.00481672803532984,0,0.00208651904449079,0,0.0031963836993405,0.1,0.0120511431270787,0.1,0.00869954964065921,0.4,0.0203808042925207,2.2,0.0429362142829422,0.6,0.0245182766445655,3.9,0.0578964839451812,-84.6218792735369,43.5099917497743
24,00662849,27,MN,Minnesota,206228939448,18945217189,2879806,6384,2488145,6475,2243581,6287,244564,3504,103390,2077,93750,2155,1918,261,4242,470,3216,329,264,90,2632,386,4209,398,22023,923,78319,1742,18148,820,162940,2844,77.9,0.133541154847053,8.5,0.120209619067042,3.6,0.071682445363697,3.3,0.0744826310645111,0.1,0.00906190781706613,0.1,0.0163172767852913,0.1,0.0114216980866524,0,0.00312514444283125,0.1,0.0134021493115107,0.1,0.0138165770017613,0.8,0.0320059036682057,2.7,0.0601889998363875,0.6,0.0284398499680603,5.7,0.0979569028817762,-94.310728750067,46.3849060350948
25,01779790,28,MS,Mississippi,121533519481,3926919758,1215697,6668,1148639,6650,1037238,6780,111401,2705,3393,477,3136,455,37,31,27,42,34,38,159,100,522,178,1104,266,1233,287,17028,860,15999,1034,27779,1254,85.3,0.303369943071943,9.2,0.216755077729499,0.3,0.0392068761590251,0.3,0.0374003356202046,0,0.00254992285999224,0,0.00345478675279222,0,0.00312574123310292,0,0.00822542106434882,0,0.0146399120686435,0.1,0.0218747819249775,0.1,0.0236013009771361,1.4,0.0703229031212542,1.3,0.0847472324575042,2.3,0.10238645774364,-89.6639862469001,32.7777294970023
26,01779791,29,MO,Missouri,178050802184,2489425460,2855663,7320,2588131,8198,2338107,7930,250024,3872,40311,1817,36497,1725,447,138,2559,407,635,159,173,74,2536,445,3338,396,6147,491,55495,1921,21955,1189,137750,2558,81.9,0.181841076344318,8.8,0.13371995613497,1.4,0.0635249850650009,1.3,0.060317384472133,0,0.00483233641803687,0.1,0.0142505308539665,0,0.00556759212058267,0,0.00259129565540266,0.1,0.0155814084787646,0.1,0.0138639450839427,0.2,0.0171850497773969,1.9,0.0670851503462877,0.8,0.0415898997452105,4.8,0.0887188890425832,-92.487249009426,38.3980950254954
27,00767982,30,MT,Montana,376962738765,3869208832,499849,2992,426229,2967,378154,3196,48075,1857,3852,436,3702,428,14,22,34,42,7,10,95,56,312,154,842,189,6305,598,25889,1039,3917,396,32503,1198,75.7,0.451389025542056,9.6,0.367024386902289,0.8,0.0871042842192672,0.7,0.0855110179753467,0,0.00440129727048161,0,0.00840243891845673,0,0.00200058662043426,0,0.0112028057953332,0.1,0.0308070388208893,0.2,0.0377979723301901,1.3,0.119397635375821,5.2,0.205537750801081,0.8,0.0790849400358421,6.5,0.23649068228821,-109.651355383648,47.0727679385086
28,01779792,31,NE,Nebraska,198956658395,1371829134,980914,3351,892182,3339,803715,3202,88467,2037,6531,485,6131,477,107,76,130,65,38,27,125,70,641,171,1142,207,4198,499,26141,895,6535,553,43544,1256,81.9,0.16795374925367,9,0.205365160365378,0.7,0.0493913373054996,0.6,0.0485812154751281,0,0.00774778634520679,0,0.00662631819159823,0,0.00275250306572838,0,0.00713606875670434,0.1,0.0174312914782757,0.1,0.021099019186697,0.4,0.0508499088432913,2.7,0.090786097537631,0.7,0.0563300333348283,4.4,0.127142638771833,-99.8188235655442,41.5432784559851
29,01779793,32,NV,Nevada,284329506470,2047206072,1351950,5308,1196476,6053,1056958,6487,139518,3740,46574,2048,45986,2064,204,119,270,118,45,42,69,50,936,220,4435,495,5242,582,25750,1334,18999,1151,53538,1663,78.2,0.368801108753799,10.3,0.273654218808638,3.4,0.150879864550997,3.4,0.152083140428494,0,0.00880190129553554,0,0.00872778122482447,0,0.00310659627865546,0,0.00369830734061669,0.1,0.0162705207175563,0.3,0.036591119756274,0.4,0.0430220042551499,1.9,0.0983885135704071,1.4,0.0849573094345049,4,0.122020939533052,-116.666840532159,39.413802164941
30,01779794,33,NH,New Hampshire,23189413166,1026675248,707037,3405,627473,3488,571653,3254,55820,1785,5806,627,4727,584,161,129,204,83,654,186,60,38,604,174,977,243,1833,308,19003,1005,6079,561,45262,1460,80.9,0.245359223503874,7.9,0.249582628761327,0.8,0.0885917190708064,0.7,0.082535446191023,0,0.0182448259198684,0,0.011738308664554,0.1,0.0263031965517804,0,0.0053743865435589,0.1,0.0246063056054149,0.1,0.034362338069531,0.3,0.043544181273461,2.7,0.141551936988687,0.9,0.0792370987442576,6.4,0.204181186920079,-71.5761834052645,43.6962432015678
31,01779795,34,NJ,New Jersey,19047825980,3544860246,4303118,9142,3416225,9614,3071526,8945,344699,5727,494549,5347,266138,4126,3918,483,88728,2140,125090,2620,10675,704,14179,1161,2305,396,12560,883,125663,2931,49207,1810,188430,3281,71.4,0.142178390850507,8,0.131996989921965,11.5,0.121836226475793,6.2,0.0949793945712519,0.1,0.0112227522032207,2.1,0.0495380704462735,2.9,0.060572055354896,0.2,0.0163517385698215,0.3,0.0269713529325606,0.1,0.00920192568423067,0.3,0.020510632587409,2.9,0.0678302579033016,1.1,0.041992306318996,4.4,0.0756773694376506,-74.7267741526774,39.6169036407543
32,00897535,35,NM,New Mexico,314196306401,728776523,880271,4169,794374,4581,706167,4697,88207,2566,10139,947,8942,917,77,63,72,50,1006,219,42,41,192,83,2269,306,5802,579,18023,1145,7004,726,42468,1598,80.2,0.374653066783343,10,0.287612114313494,1.2,0.107442116587213,1,0.104061313305291,0,0.00715676701048301,0,0.00567993688428378,0.1,0.0248728138550735,0,0.00465760174726926,0,0.00942834862778216,0.3,0.0347405801081848,0.7,0.0657010837514543,2,0.129711638480422,0.8,0.0823884690617041,4.8,0.180091355110259,-106.106409224733,34.4614491432654
33,01779796,36,NY,New York,122049149763,19246994695,9246571,17007,5515207,14291,4913896,12163,601311,6929,2591512,10583,533192,6107,9868,1003,1773088,9093,263228,4434,12136,915,55560,2043,6891,572,63313,1966,569444,6975,55475,2124,389169,4691,53.1,0.0880281758921079,6.5,0.0739751512000578,28,0.102187344575633,5.8,0.0651889687324511,0.1,0.0108454882174953,19.2,0.0917968833780009,2.8,0.0476661953131806,0.1,0.00989261525249278,0.6,0.0220670196454562,0.1,0.00618455816349589,0.7,0.0212246051368623,6.2,0.0745780850278809,0.6,0.0229441574138452,4.2,0.0501382405339256,-75.5013589390929,42.965330364791
34,01027616,37,NC,North Carolina,125923656064,13466071395,4660377,10612,4215826,10901,3781646,10302,434180,5585,47381,1439,42455,1402,832,208,2523,359,1233,243,338,128,4815,611,5761,537,9824,794,85152,2360,38580,1817,253038,4192,81.1,0.12134528622421,9.3,0.117947481814072,1,0.0307904221401996,0.9,0.0300118006280933,0,0.0044629731008694,0.1,0.00770225302231124,0,0.00521382239632622,0,0.002746509264648,0.1,0.0131084163270086,0.1,0.0115192343040343,0.2,0.0170304852062122,1.8,0.0504684760520986,0.8,0.0389426663044115,5.4,0.0890960806094005,-79.3637118571318,35.5466450622037
35,01779797,38,ND,North Dakota,178707534813,4403267548,398937,2364,359759,2175,325252,2323,34507,1105,2150,322,1980,316,40,42,21,16,74,80,35,22,302,142,358,99,1485,322,13631,726,2329,316,18923,877,81.5,0.325055859126103,8.6,0.272202315789278,0.5,0.0806512949913334,0.5,0.0791558827442908,0,0.0105278104430853,0,0.00401053701992504,0,0.0200529903713385,0,0.00551441013470274,0.1,0.0355917658318623,0.1,0.0248102502480365,0.4,0.0806843527494814,3.4,0.180853770737011,0.6,0.0791349211693131,4.7,0.218029869586743,-100.471113855255,47.4685693290347
36,01085497,39,OH,Ohio,105828882568,10268850702,5442764,10571,4949445,11535,4526389,11184,423056,5284,87570,2477,83286,2429,954,166,2231,277,613,162,486,139,5501,574,4616,427,16359,1064,121728,2631,37230,1565,220315,3500,83.2,0.127021958916175,7.8,0.0959020910982681,1.6,0.045402556044714,1.5,0.044528990236772,0,0.00304973096267781,0,0.00508870322270707,0,0.0029763485065931,0,0.00255379059271789,0.1,0.0105442851733197,0.1,0.00784354921299269,0.3,0.0195401730582312,2.2,0.0481438485005344,0.7,0.0287230651959661,4,0.0638231752586797,-82.7881144032045,40.3081697476852
37,01102857,40,OK,Oklahoma,177662925723,3374587997,1748344,3884,1615004,4327,1440542,4652,174462,2449,7428,606,6831,647,197,119,73,56,112,55,215,109,1213,324,3041,340,4308,369,31322,1176,15780,730,70248,1545,82.4,0.193117291944945,10,0.138310159929276,0.4,0.0346485181376047,0.4,0.0369962666803111,0,0.00680639480839028,0,0.00320301755152176,0,0.00314580181045463,0,0.0062344111644531,0.1,0.0185311811513955,0.2,0.0194431345881196,0.2,0.0210985864993061,1.8,0.0671458032204729,0.9,0.0417056253080177,4,0.0879173777210449,-97.5154977833938,35.5990615809058
38,01155107,41,OR,Oregon,248606993270,6192386935,1895393,5824,1545544,7031,1356677,6990,188867,3917,85300,2306,65312,2264,8351,761,8646,742,2764,376,227,91,1813,428,4924,488,42256,1596,71623,2218,14170,1076,129763,2793,71.6,0.29602835675301,10,0.204378243856611,4.5,0.120874992784971,3.4,0.118977326290701,0.4,0.0401271534214858,0.5,0.0391224536906682,0.1,0.0198325133232085,0,0.00480097408840501,0.1,0.0225791560705944,0.3,0.0257342617756027,2.2,0.0839250605304087,3.8,0.116443113748558,0.7,0.0567227328919634,6.8,0.145848002674826,-120.552210322461,43.9693307831448
39,01779798,42,PA,Pennsylvania,115884442321,3394589990,6032013,12277,5104953,13009,4593109,12633,511844,5394,337633,4937,224086,4357,7724,691,45705,1591,59380,1656,738,178,6457,695,5874,422,29823,1455,223371,4310,43478,1498,280424,4045,76.1,0.140866366708859,8.5,0.0877392812056297,5.6,0.0810499066156916,3.7,0.0718344469428989,0.1,0.0114525805641692,0.8,0.0263308149919979,1,0.0273803122737137,0,0.00295081695477428,0.1,0.0115197983812382,0.1,0.00699319805716228,0.5,0.0241003019040616,3.7,0.0710534824410506,0.7,0.0247907954860909,4.6,0.0663879745354665,-77.7997846934395,40.8836410342814
40,01219835,44,RI,Rhode Island,2677779902,1323670487,515872,2931,457799,3415,413105,3416,44694,1942,12915,887,9388,831,39,37,418,141,3005,320,65,52,560,284,344,121,1770,245,18556,924,3498,458,20430,991,80.1,0.481118688996381,8.7,0.373217807888414,2.5,0.171352509898565,1.8,0.160754294550324,0,0.00717219319666398,0.1,0.027328484121186,0.6,0.0619425378041675,0,0.0100797656328682,0.1,0.0550489611106771,0.1,0.0234523707045464,0.3,0.0474523754852947,3.6,0.177944449061205,0.7,0.0886980847568351,4,0.190779598036936,-71.5875066739124,41.6961554477739
41,01779799,45,SC,South Carolina,77864918488,5075218778,2215014,8095,2033156,8277,1825021,8701,208135,4246,11816,1032,10457,996,147,91,601,161,180,106,431,212,2427,393,2995,361,5446,411,46140,1491,21134,1154,91900,2062,82.4,0.252263613556055,9.4,0.188590719826955,0.5,0.0465503214760226,0.5,0.0449327434655518,0,0.00410825458449312,0,0.00726790066174089,0,0.00478543064558172,0,0.00957078142121011,0.1,0.0177380321578463,0.1,0.0162903723022793,0.2,0.0185334182564753,2.1,0.0668814800808965,1,0.0519821730056356,4.1,0.0918488048486111,-80.8985136351716,33.916214884517
42,01785534,46,SD,South Dakota,196346981786,3382720225,436525,2456,388474,2599,350530,2516,37944,1137,2448,500,2354,488,23,20,44,44,0,22,27,31,219,109,722,166,1643,268,15269,817,2694,329,25056,992,80.3,0.357896104779874,8.7,0.255833799892333,0.6,0.114497512543661,0.5,0.111750814902482,0,0.00458154317895658,0,0.0100794464442216,0,0.0050398029895195,0,0.00710145531172784,0.1,0.024968337573747,0.2,0.0380162168147884,0.4,0.0613574320707419,3.5,0.186122418630815,0.6,0.0752879372260509,5.7,0.224942973014016,-100.232226625261,44.4553415401531
43,01325873,47,TN,Tennessee,106802728188,2350123465,3003226,8994,2772904,9869,2503496,9644,269408,5080,21786,986,20045,969,327,114,242,99,942,261,230,110,1706,314,3258,411,3915,444,39970,1355,29035,1552,130652,2327,83.4,0.201980307899542,9,0.167004429564432,0.7,0.0327594061786988,0.7,0.0322033289245533,0,0.0037957780639151,0,0.00329636688084225,0,0.00869014697444741,0,0.00366265620412821,0.1,0.0104540394966619,0.1,0.0136814269036109,0.1,0.0147789466950669,1.3,0.0449417528864671,1,0.0515965907676645,4.4,0.0763801564985764,-86.3397866034863,35.8470257836399
44,01779801,48,TX,Texas,676653171537,19006305260,12842820,17436,11650999,20181,10345804,16606,1305195,14558,184848,3173,159344,3047,3492,537,9745,695,11223,823,1044,243,8363,738,19988,1154,32418,1453,196708,3412,145444,3393,604052,6005,80.6,0.068975348821604,10.2,0.112512318614819,1.4,0.0246290150754457,1.2,0.0236654460554837,0,0.00418116170828065,0.1,0.00541060344014392,0.1,0.00640715155885133,0,0.00189207562106445,0.1,0.00574572138610024,0.2,0.0089830807669084,0.3,0.0113085231351428,1.5,0.0264858688325672,1.1,0.0263746538859108,4.7,0.0463195594950136,-99.3717699000508,31.5724078615364
45,01455989,49,UT,Utah,212886221680,6998824394,1433444,4345,1248877,4407,1088975,5079,159902,3200,35349,1445,21345,1105,3441,409,3203,455,7222,567,138,72,490,183,4451,455,10555,655,36297,1768,9159,768,88266,2205,76,0.26929031401305,11.2,0.22066298176526,2.5,0.100528651771421,1.5,0.0769548170193681,0.2,0.0285234012440811,0.2,0.0317345082686114,0.5,0.0395255937187908,0,0.005022783232887,0,0.0127660356813654,0.3,0.0317277778206968,0.7,0.0456396030532886,2.5,0.123100264875997,0.6,0.0535422412601663,6.2,0.152688770725676,-111.682412156266,39.3642277011554
46,01779802,50,VT,Vermont,23874175944,1030416650,321624,1780,271998,1968,244038,2034,27960,1026,3971,401,3637,415,25,26,215,98,64,28,30,30,229,101,337,102,2475,336,17852,864,2487,342,22275,800,75.9,0.472869090638476,8.7,0.31535697017065,1.2,0.124492360206438,1.1,0.12888079386246,0,0.00808385936735214,0.1,0.030468116795695,0,0.00870512137300632,0,0.00932751926180791,0.1,0.0314006566478987,0.1,0.0317087489353543,0.8,0.104382968380308,5.6,0.266874484128729,0.8,0.106249195963623,6.9,0.245766595147326,-72.6609250559808,44.0853991096012
47,01779803,51,VA,Virginia,102257717110,8528531774,4152433,8682,3588194,11071,3205870,10333,382324,5182,184405,2928,84111,2522,658,180,82627,1929,16479,967,530,133,8102,859,6102,560,17425,1031,99787,2290,40697,1655,207721,3028,77.2,0.189382119586111,9.2,0.123300569596526,4.4,0.0698988739771062,2,0.0605876375503826,0,0.00433468143546574,2,0.0462680176386659,0.4,0.0232727653205631,0,0.00320283032886058,0.2,0.0206826444477718,0.1,0.0134825691185814,0.4,0.0248133103534861,2.4,0.0549190310608725,1,0.0398034390439463,5,0.0721671281083275,-78.8747539368959,37.5231892631893
48,01779804,53,WA,Washington,172112588220,12559278850,3485339,7262,2853633,8786,2506808,9135,346825,5108,225913,3424,194937,3323,1678,383,8499,773,10385,834,10414,745,3308,480,10909,772,30853,1301,125965,2959,27582,1323,207176,2990,71.9,0.215028197611513,10,0.145082730726707,6.5,0.0973073405439063,5.6,0.0946273459826574,0,0.010988430155571,0.2,0.0221727968416749,0.3,0.023920750741863,0.3,0.0213661840191494,0.1,0.0137705546423272,0.3,0.0221403230143291,0.9,0.0372821929808433,3.6,0.0845638593251973,0.8,0.0379231750724421,5.9,0.0848891807910365,-120.43028570438,47.397180774417
49,01779805,54,WV,West Virginia,62266474513,489028543,727792,4417,667619,4260,600897,4296,66722,2158,6627,609,5615,569,48,45,175,75,747,150,42,33,309,107,402,132,1049,241,20940,968,6633,473,24213,1158,82.6,0.311994984027817,9.2,0.291246280133678,0.9,0.0834950728467241,0.8,0.0780413386962709,0,0.0061829557151604,0,0.0103041087972331,0.1,0.0206008685675298,0,0.00453412726885393,0,0.014699744533084,0.1,0.0181339518834765,0.1,0.0331023005690572,2.9,0.131853797817806,0.9,0.064755292772407,3.3,0.157825069540818,-80.6087400153847,38.6519367078775
50,01779806,55,WI,Wisconsin,140290039723,29344951758,2920388,5993,2601098,6833,2369044,6471,232054,3115,51391,1432,49533,1435,175,91,281,93,1148,230,254,67,3047,460,5393,436,20309,1025,89410,1644,18256,943,131484,1939,81.1,0.146237683727664,7.9,0.105410141795105,1.8,0.0489014251507454,1.7,0.0490138766027944,0,0.00311600004449007,0,0.00318444714302895,0,0.00787525268954303,0,0.00229414627187521,0.1,0.0157498764008355,0.2,0.0149247126630799,0.7,0.0350690511768669,3.1,0.0559421948597725,0.6,0.0322647376929064,4.5,0.0657493017077868,-90.0210439383857,44.6652937790237
51,01779807,56,WY,Wyoming,251458544898,1867670745,287175,2058,251676,2348,222984,2476,28692,1381,3774,468,3709,460,12,16,29,47,0,28,24,22,151,99,592,178,2454,356,11285,944,2392,353,14851,1073,77.6,0.658588637238773,10,0.475531304517125,1.3,0.162694472993484,1.3,0.159913441262028,0,0.005571435150338,0,0.0163661671520154,0,0.00975015234613041,0,0.00766059987229418,0.1,0.034471693482053,0.2,0.0619655035083523,0.9,0.12381487172935,3.9,0.327510909728402,0.8,0.122776544555273,5.2,0.37179727878497,-107.55143503067,43.0321218585002
52,01779808,72,PR,Puerto Rico,8868896030,4922382562,1001256,5937,910730,6681,828210,6565,82520,2718,20074,1166,7978,754,7826,773,3790,392,62,48,418,141,528,158,1003,249,2146,358,29478,1192,15273,1132,22024,1203,82.7,0.435138469158959,8.2,0.267023982439868,2,0.115845355546274,0.8,0.0751570575542433,0.8,0.0770637940495636,0.4,0.039086436574208,0,0.00479383815234711,0,0.0140801367314918,0.1,0.0157770818035373,0.1,0.0248616701453619,0.2,0.0357324981653785,2.9,0.117763580521971,1.5,0.112695616366201,2.2,0.119439056302764,-66.4785923809415,18.2250706456559
